name,gender,gender_add,year,category,publication,publication2,organizational,first_name,mutiple org,note
Caryle Murphy,andy,female,1991,International-Reporting,The Washington Post,,no,Caryle,,
E.R. Shipp,andy,female,1996,Commentary,New York Daily News,,no,E.R.,,
Jackie Crosby,andy,female,1985,Specialized-Reporting,Macon (GA) Telegraph and News,,no,Jackie,,
Jo Becker,andy,female,2008,National-Reporting,The Washington Post,,no,Jo,,
Marjie Lundstrom,andy,female,1991,National-Reporting,Gannett News Service,,no,Marjie,,
Paige St. John,andy,female,2011,Investigative-Reporting,Sarasota Herald-Tribune,,no,Paige,,
Ren_e C. Byer,andy,female,2007,Feature-Photography,The Sacramento Bee,,no,Ren_e,,
Ada Louise Huxtable,female,female,1970,Criticism,The New York Times,,no,Ada,,
Alejandra Xanic von Bertrab,female,female,2013,Investigative-Reporting,The New York Times,,no,Alejandra,,
Alexandra Berzon,female,female,2009,Public-Service,Las Vegas Sun,,no,Alexandra,,
Alice Steinbach,female,female,1985,Feature-Writing,The Baltimore Sun,,no,Alice,,
Alison Sherwood,female,female,2011,Explanatory-Reporting,Milwaukee Journal Sentinel,,no,Alison,,
Alix M. Freedman,female,female,1996,National-Reporting,The Wall Street Journal,,no,Alix,,
Amy Dockser Marcus,female,female,2005,Beat-Reporting,The Wall Street Journal,,no,Amy,,
Amy Ellis Nutt,female,female,2011,Feature-Writing,The Star-Ledger,,no,Amy,,
Amy Harmon,female,female,2008,Explanatory-Reporting,The New York Times,,no,Amy,,
Andrea Elliott,female,female,2007,Feature-Writing,The New York Times,,no,Andrea,,
Ann Desantis,female,female,1972,Local-Investigative-Specialized-Reporting,The Boston Globe,,no,Ann,,
Ann Marie Lipinski,female,female,1988,Investigative-Reporting,Chicago Tribune,,no,Ann,,
Ann Telnaes,female,female,2001,Editorial-Cartooning,Tribune Media Services,,no,Ann,,
Anna Quindlen,female,female,1992,Commentary,The New York Times,,no,Anna,,
Anne O'Hare McCormick,female,female,1937,Correspondence,The New York Times,,no,Anne,,
Annie Wells,female,female,1997,Spot-News-Photography,The Press Democrat,,no,Annie,,
April Saul,female,female,1997,Explanatory-Journalism,The Philadelphia Inquirer,,no,April,,
Barbara Davidson,female,female,2011,Feature-Photography,Los Angeles Times,,no,Barbara,,
Barbara Laker,female,female,2010,Investigative-Reporting,The Philadelphia Daily News,,no,Barbara,,
Bette Swenson Orsini,female,female,1980,National-Reporting,St. Petersburg (FL) Times,,no,Bette,,
Bettina Boxall,female,female,2009,Explanatory-Reporting,Los Angeles Times,,no,Bettina,,
Beverly Weintraub,female,female,2007,Editorial-Writing,New York Daily News,,no,Beverly,,
Caro Brown,female,female,1955,Local-Reporting;-Edition-Time,Alice (TX) Daily Echo,,no,Caro,,
Carol D. Leonnig,female,female,2015,National-Reporting,The Washington Post,,no,Carol,,
Carol Guzy,female,female,1986,Spot-News-Photography,The Miami Herald,,no,Carol,,
Carolyn Cole,female,female,2004,Feature-Photography,Los Angeles Times,,no,Carolyn,,
Cheryl Diaz Meyer,female,female,2004,Breaking-News-Photography,The Dallas Morning News,,no,Cheryl,,
Colleen McCain Nelson,female,female,2010,Editorial-Writing,The Dallas Morning News,,no,Colleen,,
Connie Schultz,female,female,2005,Commentary,The Plain Dealer,,no,Connie,,
Cornelia Grumman,female,female,2003,Editorial-Writing,Chicago Tribune,,no,Cornelia,,
Cynthia Tucker,female,female,2007,Commentary,The Atlanta Journal-Constitution,,no,Cynthia,,
Dana Priest,female,female,2006,Beat-Reporting,The Washington Post,,no,Dana,,
Deanne Fitzmaurice,female,female,2005,Feature-Photography,San Francisco Chronicle,,no,Deanne,,
Debbie Cenziper,female,female,2007,Local-Reporting,The Miami Herald,,no,Debbie,,
Deborah Blum,female,female,1992,Beat-Reporting,The Sacramento (CA) Bee,,no,Deborah,,
Deborah Nelson,female,female,1997,Investigative-Reporting,The Seattle Times,,no,Deborah,,
Diana K. Sugg,female,female,2003,Beat-Reporting,The Baltimore Sun,,no,Diana,,
Diana Marcum,female,female,2015,Feature-Writing,Los Angeles Times,,no,Diana,,
Dorothy Rabinowitz,female,female,2001,Commentary,The Wall Street Journal,,no,Dorothy,,
Edna Buchanan,female,female,1986,General-News-Reporting,The Miami Herald,,no,Edna,,
Eileen McNamara,female,female,1997,Commentary,The Boston Globe,,no,Eileen,,
Eileen Sullivan,female,female,2012,Investigative-Reporting,Associated Press,,no,Eileen,,
Eileen Welsome,female,female,1994,National-Reporting,Albuquerque Tribune,,no,Eileen,,
Eli Sanders,female,female,2012,Feature-Writing,The Stranger,,no,Eli,,
Eli Saslow,female,female,2014,Explanatory-Reporting,The Washington Post,,no,Eli,,
Elizabeth McGowan,female,female,2013,National-Reporting,InsideClimate News,,no,Elizabeth,,
Ellen Barry,female,female,2011,International-Reporting,The New York Times,,no,Ellen,,
Ellen H. Goodman,female,female,1980,Commentary,The Boston Globe,,no,Ellen,,
Emily Genauer,female,female,1974,Criticism,Newsday Syndicate,,no,Emily,,
Gail Caldwell,female,female,2001,Criticism,The Boston Globe,,no,Gail,,
Gretchen Morgenson,female,female,2002,Beat-Reporting,The New York Times,,no,Gretchen,,
Hazel Brannon Smith,female,female,1964,Editorial-Writing,Lexington (MS) Advertiser,,no,Hazel,,
Heidi Evans,female,female,2007,Editorial-Writing,New York Daily News,,no,Heidi,,
Inga Saffron,female,female,2014,Criticism,The Philadelphia Inquirer,,no,Inga,,
Ira B. Harkey,female,female,1963,Editorial-Writing,Pascagoula (MS) Chronicle,,no,Ira,,
Ira Wolfert,female,female,1943,Telegraphic-Reporting-(International),"North American Newspaper Alliance, Inc.",,no,Ira,,
Isabel Wilkerson,female,female,1994,Feature-Writing,The New York Times,,no,Isabel,,
Jacqui Banaszynski,female,female,1988,Feature-Writing,St. Paul Pioneer Press,,no,Jacqui,,
Jane Healy,female,female,1988,Editorial-Writing,Orlando Sentinel,,no,Jane,,
Joan Fitz Gerald,female,female,1984,Local-Investigative-Specialized-Reporting,The Boston Globe,,no,Joan,,
Joan Vennochi,female,female,1980,Local-Investigative-Specialized-Reporting,The Boston Globe,,no,Joan,,
Julia Keller,female,female,2005,Feature-Writing,Chicago Tribune,,no,Julia,,
Julie Cart,female,female,2009,Explanatory-Reporting,Los Angeles Times,,no,Julie,,
Karen Blessen,female,female,1989,Explanatory-Journalism,The Dallas Morning News,,no,Karen,,
Karen Elliott House,female,female,1984,International-Reporting,The Wall Street Journal,,no,Karen,,
Katherine Boo,female,female,2000,Public-Service,The Washington Post,,no,Katherine,,
Katherine Ellison,female,female,1986,International-Reporting,San Jose (CA) Mercury News,,no,Katherine,,
Kathleen Gallagher,female,female,2011,Explanatory-Reporting,Milwaukee Journal Sentinel,,no,Kathleen,,
Kathleen Kingsbury,female,female,2015,Editorial-Writing,The Boston Globe,,no,Kathleen,,
Kathleen Parker,female,female,2010,Commentary,The Washington Post,,no,Kathleen,,
Kim Komenich,female,female,1987,Spot-News-Photography,San Francisco Examiner,,no,Kim,,
Kim Murphy,female,female,2005,International-Reporting,Los Angeles Times,,no,Kim,,
Lauren D. Lyman,female,female,1936,Reporting,The New York Times,,no,Lauren,,
Lauren K. Soth,female,female,1956,Editorial-Writing,Register and Tribune,,no,Lauren,,
Laurence Edmund Allen,female,female,1942,Telegraphic-Reporting-(International),Associated Press,,no,Laurence,,
Laurie Garrett,female,female,1996,Explanatory-Journalism,Newsday,,no,Laurie,,
Linda Greenhouse,female,female,1998,Beat-Reporting,The New York Times,,no,Linda,,
Lisa Falkenberg,female,female,2015,Commentary,Houston Chronicle,,no,Lisa,,
Lisa Pollak,female,female,1997,Feature-Writing,The Baltimore Sun,,no,Lisa,,
Lisa Song,female,female,2013,National-Reporting,InsideClimate News,,no,Lisa,,
Liz Balmaseda,female,female,1993,Commentary,The Miami Herald,,no,Liz,,
Lois Wille,female,female,1989,Editorial-Writing,Chicago Tribune,,no,Lois,,
Loretta Tofani,female,female,1983,Local-Investigative-Specialized-Reporting,The Washington Post,,no,Loretta,,
Lorraine Adams,female,female,1992,Investigative-Reporting,The Dallas Morning News,,no,Lorraine,,
Lucinda Franks,female,female,1971,National-Reporting,United Press Internationalcategory,,no,Lucinda,,
Lucy Morgan,female,female,1985,Investigative-Reporting,St. Petersburg (FL) Times,,no,Lucy,,
Lynn Heinzerling,female,female,1961,International-Reporting,Associated Press,,no,Lynn,,
Madeleine Blais,female,female,1980,Feature-Writing,The Miami Herald,,no,Madeleine,,
Manuela Hoelterhoff,female,female,1983,Criticism,The Wall Street Journal,,no,Manuela,,
Margo Huston,female,female,1977,Local-General-or-Spot-News-Reporting,The Milwaukee Journal,,no,Margo,,
Margo Jefferson,female,female,1995,Criticism,The New York Times,,no,Margo,,
Marguerite Higgins,female,female,1951,International-Reporting,New York Herald Tribune,,no,Marguerite,,note
Maria Henson,female,female,1992,Editorial-Writing,Lexington (KY) Herald-Leader,,no,Maria,,
Martha Mendoza,female,female,2000,Investigative-Reporting,Associated Press,,no,Martha,,
Martha Rial,female,female,1998,Spot-News-Photography,Pittsburgh Post-Gazette,,no,Martha,,
Mary Ann Gwinn,female,female,1990,National-Reporting,The Seattle Times,,no,Mary,,
Mary Chind,female,female,2010,Breaking-News-Photography,Des Moines Register,,no,Mary,,
Mary Jordan,female,female,2003,International-Reporting,The Washington Post,,no,Mary,,
Mary Lou Werner,female,female,1959,Local-Reporting;-Edition-Time,The Evening Star,,no,Mary,,
Mary McGrory,female,female,1975,Commentary,The Washington Star,,no,Mary,,
Mary McNamara,female,female,2015,Criticism,Los Angeles Times,,no,Mary,,
Mary Pat Flaherty,female,female,1986,Specialized-Reporting,The Pittsburgh Press,,no,Mary,,
Mary Schmich,female,female,2012,Commentary,Chicago Tribune,,no,Mary,,
Maureen Dowd,female,female,1999,Commentary,The New York Times,,no,Maureen,,
Meg Greenfield,female,female,1978,Editorial-Writing,The Washington Post,,no,Meg,,
Melanie Sill,female,female,1996,Public-Service,The News & Observer,,no,Melanie,,
Michiko Kakutani,female,female,1998,Criticism,The New York Times,,no,Michiko,,
Minna Lewinson,female,female,1918,Newspaper-History-Award,American Press,,no,Minna,,
Miriam Ottenberg,female,female,1960,Local-Reporting;-No-Edition-Time,The Evening Star,,no,Miriam,,
Nan Robertson,female,female,1983,Feature-Writing,The New York Times,,no,Nan,,
Natalie Angier,female,female,1991,Beat-Reporting,The New York Times,,no,Natalie,,
Nikki Kahn,female,female,2011,Breaking-News-Photography,The Washington Post,,no,Nikki,,
Raquel Rutledge,female,female,2010,Local-Reporting,Milwaukee Journal Sentinel,,no,Raquel,,
Rebecca Kimitch,female,female,2015,Local-Reporting,Daily Breeze,,no,Rebecca,,
Rochelle Sharpe,female,female,1991,National-Reporting,Gannett News Service,,no,Rochelle,,
Sara Ganim,female,female,2012,Local-Reporting,The Patriot-News,,no,Sara,,
Sarah Cohen,female,female,2002,Investigative-Reporting,The Washington Post,,no,Sarah,,
Sarah Kaufman,female,female,2010,Criticism,The Washington Post,,no,Sarah,,
Sari Horwitz,female,female,2002,Investigative-Reporting,The Washington Post,,no,Sari,,
Sheri Fink,female,female,2010,Investigative-Reporting,"ProPublica, in collaboration with The New York Times Magazine",,no,Sheri,,
Sheryl James,female,female,1991,Feature-Writing,St. Petersburg (FL) Times,,no,Sheryl,,
Sheryl Wu Dunn,female,female,1990,International-Reporting,The New York Times,,no,Sheryl,,
Shirley Christian,female,female,1980,International-Reporting,The Miami Herald,,no,Shirley,,
Signe Wilkinson,female,female,1992,Editorial-Cartooning,The Philadelphia Daily News,,no,Signe,,
Sonia Nazario,female,female,2003,Feature-Writing,Los Angeles Times,,no,Sonia,,
Stephanie Saul,female,female,1995,Investigative-Reporting,Newsday,,no,Stephanie,,
Stephanie Welsh,female,female,1996,Feature-Photography,freelance photographer,,no,Stephanie,,
Susan C. Faludi,female,female,1991,Explanatory-Journalism,The Wall Street Journal,,no,Susan,,
Susan M. Headden,female,female,1991,Investigative-Reporting,The Indianapolis Star,,no,Susan,,
Susan Schmidt,female,female,2006,Investigative-Reporting,The Washington Post,,no,Susan,,
Tamar Stieber,female,female,1990,Specialized-Reporting,Albuquerque Journal,,no,Tamar,,
Teresa Carpenter,female,female,1981,Feature-Writing,The Village Voice,,no,Teresa,,
Usha Lee McFarling,female,female,2007,Explanatory-Reporting,Los Angeles Times,,no,Usha,,
Wendy Ruderman,female,female,2010,Investigative-Reporting,The Philadelphia Daily News,,no,Wendy,,
A. B. MacDonald,andy,male,1931,Reporting,Kansas City (MO) Star,,no,A.,,
A. M. Rosenthal,andy,male,1960,International-Reporting,The New York Times,,no,A.,,
Acel Moore,andy,male,1977,Local-Investigative-Specialized-Reporting,The Philadelphia Inquirer,,no,Acel,,
Adrees Latif,andy,male,2008,Breaking-News-Photography,Reuters,,no,Adrees,,
Alva Johnston,andy,male,1923,Reporting,The New York Times,,no,Alva,,
Blair Kamin,andy,male,1999,Criticism,Chicago Tribune,,no,Blair,,
C.D. Batchelor,andy,male,1937,Editorial-Cartooning,New York Daily News,,no,C.D.,,
Carey Orr,andy,male,1961,Editorial-Cartooning,Chicago Tribune,,no,Carey,,
D. R. Fitzpatrick,andy,male,1926,Editorial-Cartooning,St. Louis Post-Dispatch,,no,D.,,
Dele Olojede,andy,male,2005,International-Reporting,Newsday,,no,Dele,,
F. Gilman Spencer,andy,male,1974,Editorial-Writing,The Trentonian,,no,F.,,
F. Lauriston Bullard,andy,male,1927,Editorial-Writing,Boston Herald,,no,F.,,
H. G. Bissinger,andy,male,1987,Investigative-Reporting,The Philadelphia Inquirer,,no,H.,,
H. M. Talburt,andy,male,1933,Editorial-Cartooning,Washington Daily News,,no,H.,,
H. R. Knickerbocker,andy,male,1931,Correspondence,Philadelphia Public Ledger and New York Evening Post,,no,H.,,
Hanson W. Baldwin,andy,male,1943,Correspondence,The New York Times,,no,Hanson,,
Haynes Johnson,andy,male,1966,National-Reporting,Washington Evening Star,,no,Haynes,,
Hedrick Smith,andy,male,1974,International-Reporting,The New York Times,,no,Hedrick,,
Hodding Carter,andy,male,1946,Editorial-Writing,The Delta Democrat-Times,,no,Hodding,,
Holland Cotter,andy,male,2009,Criticism,The New York Times,,no,Holland,,
Horance G. Davis Jr.,andy,male,1971,Editorial-Writing,The Gainesville (FL) Sun,,no,Horance,,
Huynh Cong Ut,andy,male,1973,Spot-News-Photography,Associated Press,,no,Huynh,,
J. A. Livingston,andy,male,1965,International-Reporting,The Philadelphia Bulletin,,no,J.,,
J. Anthony Lukas,andy,male,1968,Local-Investigative-Specialized-Reporting,The New York Times,,no,J.,,
J. Ross Baughman,andy,male,1978,Feature-Photography,Associated Press,,no,J.,,
J.R. Moehringer,andy,male,2000,Feature-Writing,Los Angeles Times,,no,J.R.,,
Joby Warrick,andy,male,1996,Public-Service,The News & Observer,,no,Joby,,
Kirke L. Simpson,andy,male,1922,Reporting,Associated Press,,no,Kirke,,
Lenoir Chambers,andy,male,1960,Editorial-Writing,Norfolk Virginian-Pilot,,no,Lenoir,,
M.L. Elrick,andy,male,2009,Local-Reporting,Detroit Free Press,,no,M.L.,,
Magner White,andy,male,1924,Reporting,San Diego Sun,,no,Magner,,
Merriman Smith,andy,male,1964,National-Reporting,United Press Internationalcategory,,no,Merriman,,
Meyer Berger,andy,male,1950,Local-Reporting,The New York Times,,no,Meyer,,
Moneta Sleet Jr.,andy,male,1969,Feature-Photography,Ebony Magazine,,no,Moneta,,
Ovie Carter,andy,male,1975,International-Reporting,Chicago Tribune,,no,Ovie,,
Ozier Muhammad,andy,male,1985,International-Reporting,Newsday,,no,Ozier,,
Pat Stith,andy,male,1996,Public-Service,The News & Observer,,no,Pat,,
R. Bruce Dold,andy,male,1994,Editorial-Writing,Chicago Tribune,,no,R.,,
R. Jeffrey Smith,andy,male,2006,Investigative-Reporting,The Washington Post,,no,R.,,
R. John Hughes,andy,male,1967,International-Reporting,The Christian Science Monitor,,no,R.,,
Sanche De Gramont,andy,male,1961,Local-Reporting;-Edition-Time,New York Herald Tribune,,no,Sanche,,
Sergeant Bill Mauldin,andy,male,1945,Editorial-Cartooning,"United Feature Syndicate, Inc.",,no,Sergeant,,
Sylvan Fox,andy,male,1963,Local-Reporting;-Edition-Time,New York World-Telegram,,no,Sylvan,,
Vermont Connecticut Royster,andy,male,1953,Editorial-Writing,The Wall Street Journal,,no,Vermont,,
Vermont Royster,andy,male,1984,Commentary,The Wall Street Journal,,no,Vermont,,
Virginius Dabney,andy,male,1948,Editorial-Writing,Richmond Times-Dispatch,,no,Virginius,,
Westbrook Pegler,andy,male,1941,Reporting,New York World-Telegram,,no,Westbrook,,
Adam Goldman,male,male,2012,Investigative-Reporting,Associated Press,,no,Adam,,
Adam Zyglis,male,male,2015,Editorial-Cartooning,The Buffalo News,,no,Adam,,
Alan Diaz,male,male,2001,Breaking-News-Photography,Associated Press,,no,Alan,,
Alan M. Kriegsman,male,male,1976,Criticism,The Washington Post,,no,Alan,,
Alan Miller,male,male,2003,National-Reporting,Los Angeles Times,,no,Alan,,
Albert L. Delugach,male,male,1969,Local-Investigative-Specialized-Reporting,St. Louis Globe-Democrat,,no,Albert,,
Albert Scardino,male,male,1984,Editorial-Writing,Georgia Gazette,,no,Albert,,
Albert V. Gaudiosi,male,male,1964,Local-Investigative-Specialized-Reporting,The Philadelphia Bulletin,,no,Albert,,
Alex Raksin,male,male,2002,Editorial-Writing,Los Angeles Times,,no,Alex,,
Alex S. Jones,male,male,1987,Specialized-Reporting,The New York Times,,no,Alex,,
Alex Tizon,male,male,1997,Investigative-Reporting,The Seattle Times,,no,Alex,,
Alexander B. Hawes Jr.,male,male,1980,Local-Investigative-Specialized-Reporting,The Boston Globe,,no,Alexander,,
Alexander Zemlianichenko,male,male,1997,Feature-Photography,Associated Press,,no,Alexander,,
Alfred Friendly,male,male,1968,International-Reporting,The Washington Post,,no,Alfred,,
Allan Temko,male,male,1990,Criticism,San Francisco Chronicle,,no,Allan,,
Alvin H. Goldstein,male,male,1925,Reporting,Chicago Daily News,,no,Alvin,,
Alvin Scott McCoy,male,male,1954,Local-Reporting;-No-Edition-Time,Kansas City (MO) Star,,no,Alvin,,
Andrew Lopez,male,male,1960,Photography,United Press Internationalcategory,,no,Andrew,,
Andrew R.C. Marshall,male,male,2014,International-Reporting,Reuters,,no,Andrew,,
Andrew Schneider,male,male,1986,Specialized-Reporting,The Pittsburgh Press,,no,Andrew,,
Angelo B. Henderson,male,male,1999,Feature-Writing,The Wall Street Journal,,no,Angelo,,
Anthony K. Roberts,male,male,1974,Spot-News-Photography,freelance photographer,,no,Anthony,,
Anthony Leviero,male,male,1952,National-Reporting,The New York Times,,no,Anthony,,
Anthony Lewis,male,male,1963,National-Reporting,The New York Times,,no,Anthony,,
Anthony R. Dolan,male,male,1978,Local-Investigative-Specialized-Reporting,The Stamford (CT) Advocate,,no,Anthony,,
Anthony Shadid,male,male,2004,International-Reporting,The Washington Post,,no,Anthony,,
Anthony Shannon,male,male,1963,Local-Reporting;-Edition-Time,New York World-Telegram,,no,Anthony,,
Anthony Suau,male,male,1984,Feature-Photography,The Denver Post,,no,Anthony,,
Arnaldo Cortesi,male,male,1946,Correspondence,The New York Times,,no,Arnaldo,,
Arnold Hardy,male,male,1947,Photography,Associated Press,,no,Arnold,,
Art Buchwald,male,male,1982,Commentary,Los Angeles Times,,no,Art,,
Arthur Browne,male,male,2007,Editorial-Writing,New York Daily News,,no,Arthur,,
Arthur Daley,male,male,1956,Local-Reporting;-No-Edition-Time,The New York Times,,no,Arthur,,
Arthur Howe,male,male,1986,National-Reporting,The Philadelphia Inquirer,,no,Arthur,,
Arthur Krock,male,male,1935,Correspondence,The New York Times,,no,Arthur,,
Arthur M. Petacque,male,male,1974,Local-General-or-Spot-News-Reporting,Chicago Sun-Times,,no,Arthur,,
Austin Wehrwein,male,male,1953,International-Reporting,The Milwaukee Journal,,no,Austin,,
Barry Bearak,male,male,2002,International-Reporting,The New York Times,,no,Barry,,
Barry Siegel,male,male,2002,Feature-Writing,Los Angeles Times,,no,Barry,,
Bart Howard,male,male,1940,Editorial-Writing,St. Louis Post-Dispatch,,no,Bart,,
Barton Gellman,male,male,2008,National-Reporting,The Washington Post,,no,Barton,,
Ben Sargent,male,male,1982,Editorial-Cartooning,Austin (TX) American-Statesman,,no,Ben,,
Berke Breathed,male,male,1987,Editorial-Cartooning,The Washington Post,,no,Berke,,
Bernard L. Stein,male,male,1998,Editorial-Writing,The Riverdale (NY) Press,,no,Bernard,,
Bert Andrews,male,male,1948,National-Reporting,New York Herald Tribune,,no,Bert,,
Bill Crouch,male,male,1950,Photography,Oakland (CA) Tribune,,no,Bill,,
Bill Dedman,male,male,1989,Investigative-Reporting,The Atlanta Journal-Constitution,,no,Bill,,
Bill Dietrich,male,male,1990,National-Reporting,The Seattle Times,,no,Bill,,
Bill Foley,male,male,1983,Spot-News-Photography,Associated Press,,no,Bill,,
Bill Keller,male,male,1989,International-Reporting,The New York Times,,no,Bill,,
Bob Keeler,male,male,1996,Beat-Reporting,Newsday,,no,Bob,,
Bob Sipchen,male,male,2002,Editorial-Writing,Los Angeles Times,,no,Bob,,
Brad Schrade,male,male,2013,Local-Reporting,Star Tribune,,no,Brad,,
Bret Stephens,male,male,2013,Commentary,The Wall Street Journal,,no,Bret,,
Brett Blackledge,male,male,2007,Investigative-Reporting,The Birmingham (AL) News,,no,Brett,,
Brian Donovan,male,male,1995,Investigative-Reporting,Newsday,,no,Brian,,
Brian Lanker,male,male,1973,Feature-Photography,Topeka Capital-Journal,,no,Brian,,
Brooks Atkinson,male,male,1947,Correspondence,The New York Times,,no,Brooks,,
Bruce Alexander Russell,male,male,1946,Editorial-Cartooning,Los Angeles Times,,no,Bruce,,
Bruce M. Shanks,male,male,1958,Editorial-Cartooning,Buffalo (NY) Evening News,,no,Bruce,,
Buford Boone,male,male,1957,Editorial-Writing,Tuscaloosa (AL) News,,no,Buford,,
Byron Acohido,male,male,1997,Beat-Reporting,The Seattle Times,,no,Byron,,
Carl M. Saunders,male,male,1950,Editorial-Writing,Jackson (MI) Citizen Patriot,,no,Carl,,
Carlos P. Romulo,male,male,1942,Correspondence,Philippines Herald,,no,Carlos,,
Charles G. Ross,male,male,1932,Correspondence,St. Louis Post-Dispatch,,no,Charles,,
Charles G. Werner,male,male,1939,Editorial-Cartooning,Daily Oklahoman,,no,Charles,,
Charles J. Hanley,male,male,2000,Investigative-Reporting,Associated Press,,no,Charles,,
Charles Krauthammer,male,male,1987,Commentary,The Washington Post,,no,Charles,,
Charles L. Bartlett,male,male,1956,National-Reporting,Chattanooga Times,,no,Charles,,
Charles Porter IV,male,male,1996,Spot-News-Photography,freelance photographer,,no,Charles,,
Charles R. Macauley,male,male,1930,Editorial-Cartooning,Brooklyn Daily Eagle,,no,Charles,,
Charles S. Ryckman,male,male,1931,Editorial-Writing,Fremont (NE) Tribune,,no,Charles,,
Charles Stafford,male,male,1980,National-Reporting,St. Petersburg (FL) Times,,no,Charles,,
Charlie Savage,male,male,2007,National-Reporting,The Boston Globe,,no,Charlie,,
Chris Hamby,male,male,2014,Investigative-Reporting,The Center for Public Integrity,,no,Chris,,
Chris Hawley,male,male,2012,Investigative-Reporting,Associated Press,,no,Chris,,
Chris Ison,male,male,1990,Investigative-Reporting,Star Tribune,,no,Chris,,
Chuck Philips,male,male,1999,Beat-Reporting,Los Angeles Times,,no,Chuck,,
Clarence Page,male,male,1989,Commentary,Chicago Tribune,,no,Clarence,,
Clarence Williams,male,male,1998,Feature-Photography,Los Angeles Times,,no,Clarence,,
Clark Hallas,male,male,1981,Local-Investigative-Specialized-Reporting,The Arizona Daily Star,,no,Clark,,
Clark Hoyt,male,male,1973,National-Reporting,Knight Newspapers,,no,Clark,,
Clark Mollenhoff,male,male,1958,National-Reporting,Des Moines Register,,no,Clark,,
Claude Sitton,male,male,1983,Commentary,Raleigh (NC) News & Observer,,no,Claude,,
Clay Bennett,male,male,2002,Editorial-Cartooning,The Christian Science Monitor,,no,Clay,,
Clifford J. Levy,male,male,2003,Investigative-Reporting,The New York Times,,no,Clifford,,
Clifford K. Berryman,male,male,1944,Editorial-Cartooning,The Evening Star,,no,Clifford,,
Colbert I. King,male,male,2003,Commentary,The Washington Post,,no,Colbert,,
Craig F. Walker,male,male,2010,Feature-Photography,The Denver Post,,no,Craig,,
Craig Flournoy,male,male,1986,National-Reporting,The Dallas Morning News,,no,Craig,,
Dallas Kinney,male,male,1970,Feature-Photography,Palm Beach Post,,no,Dallas,,
Dallas Morning News Team,male,male,1994,International-Reporting,The Dallas Morning News,,no,Dallas,,
Damon Winter,male,male,2009,Feature-Photography,The New York Times,,no,Damon,,
Dan Malone,male,male,1992,Investigative-Reporting,The Dallas Morning News,,no,Dan,,
Dan Neil,male,male,2004,Criticism,Los Angeles Times,,no,Dan,,
Daniel Berehulak,male,male,2015,Feature-Photography,freelance photographer,The New York Times,no,Daniel,,
Daniel De Luce,male,male,1944,Telegraphic-Reporting-(International),Associated Press,,no,Daniel,,
Daniel Golden,male,male,2004,Beat-Reporting,The Wall Street Journal,,no,Daniel,,
Daniel Hertzberg,male,male,1988,Explanatory-Journalism,The Wall Street Journal,,no,Daniel,,
Daniel R. Biddle,male,male,1987,Investigative-Reporting,The Philadelphia Inquirer,,no,Daniel,,
Daniel R. Fitzpatrick,male,male,1955,Editorial-Cartooning,St. Louis Post-Dispatch,,no,Daniel,,
Daniel Ruth,male,male,2013,Editorial-Writing,Tampa Bay Times,,no,Daniel,,
Dave Anderson,male,male,1981,Commentary,The New York Times,,no,Dave,,
Dave Barry,male,male,1988,Commentary,The Miami Herald,,no,Dave,,
Dave Curtin,male,male,1990,Feature-Writing,Colorado Springs Gazette Telegraph,,no,Dave,,
Dave Kennerly,male,male,1972,Feature-Photography,United Press Internationalcategory,,no,Dave,,
David A. Vise,male,male,1990,Explanatory-Journalism,The Washington Post,,no,David,,
David Barboza,male,male,2013,International-Reporting,The New York Times,,no,David,,
David Barstow,male,male,2004,Public-Service,The New York Times,,no,David,,
David C. Turnley,male,male,1990,Feature-Photography,Detroit Free Press,,no,David,,
David Cay Johnston,male,male,2001,Beat-Reporting,The New York Times,,no,David,,
David Dietz,male,male,1937,Reporting,Scripps-Howard,,no,David,,note
David Finkel,male,male,2006,Explanatory-Reporting,The Washington Post,,no,David,,
David Halberstam,male,male,1964,International-Reporting,Associated Press,The New York Times,no,David,y,
David Hanners,male,male,1989,Explanatory-Journalism,The Dallas Morning News,,no,David,,
David Hasemyer,male,male,2013,National-Reporting,InsideClimate News,,no,David,,
David Horsey,male,male,1999,Editorial-Cartooning,The Seattle Post-Intelligencer,,no,David,,
David Kocieniewski,male,male,2012,Explanatory-Reporting,The New York Times,,no,David,,
David Leeson,male,male,2004,Breaking-News-Photography,The Dallas Morning News,,no,David,,
David Leonhardt,male,male,2011,Commentary,The New York Times,,no,David,,
David Maraniss,male,male,1993,National-Reporting,The Washington Post,,no,David,,
David Moats,male,male,2001,Editorial-Writing,Rutland (VT) Herald,,no,David,,
David Peterson,male,male,1987,Feature-Photography,Des Moines Register,,no,David,,
David Philipps,male,male,2014,National-Reporting,The Gazette,,no,David,,
David Rohde,male,male,1996,International-Reporting,The Christian Science Monitor,,no,David,,
David S. Broder,male,male,1973,Commentary,The Washington Post,,no,David,,
David Shaw,male,male,1991,Criticism,Los Angeles Times,,no,David,,
David Shribman,male,male,1995,Beat-Reporting,The Boston Globe,,no,David,,
David Umhoefer,male,male,2008,Local-Reporting,Milwaukee Journal Sentinel,,no,David,,
David Wessel,male,male,1984,Local-Investigative-Specialized-Reporting,The Boston Globe,,no,David,,
David Willman,male,male,2001,Investigative-Reporting,Los Angeles Times,,no,David,,
David Wood,male,male,2012,National-Reporting,The Huffington Post,,no,David,,
David Zucchino,male,male,1989,Feature-Writing,The Philadelphia Inquirer,,no,David,,
Dean Baquet,male,male,1988,Investigative-Reporting,Chicago Tribune,,no,Dean,,
Dennis Bell,male,male,1985,International-Reporting,Newsday,,no,Dennis,,
Denny Walsh,male,male,1969,Local-Investigative-Specialized-Reporting,St. Louis Globe-Democrat,,no,Denny,,
Dewey L. Fleming,male,male,1944,Telegraphic-Reporting-(National),The Baltimore Sun,,no,Dewey,,
Don Bartletti,male,male,2003,Feature-Photography,Los Angeles Times,,no,Don,,
Don Murray,male,male,1954,Editorial-Writing,Boston Herald,,no,Don,,
Don Ultang,male,male,1952,Photography,Des Moines Register,,no,Don,,
Don Whitehead,male,male,1953,National-Reporting,Associated Press,,no,Don,,
Don Wright,male,male,1966,Editorial-Cartooning,The Miami News,,no,Don,,
Donal Henahan,male,male,1986,Criticism,The New York Times,,no,Donal,,
Donald L. Barlett,male,male,1975,National-Reporting,The Philadelphia Inquirer,,no,Donald,,
Doug Bates,male,male,2006,Editorial-Writing,The Oregonian,,no,Doug,,
Doug Marlette,male,male,1988,Editorial-Cartooning,The Atlanta Constitution,Charlotte Observer,no,Doug,,
Earle L. Bunker,male,male,1944,Photography,The World-Herald,,no,Earle,,
Eddy Gilmore,male,male,1947,Telegraphic-Reporting-(International),Associated Press,,no,Eddy,,
Edgar Ansel Mowrer,male,male,1933,Correspondence,Chicago Daily News,,no,Edgar,,
Edgar May,male,male,1961,Local-Reporting;-No-Edition-Time,Buffalo (NY) Evening News,,no,Edgar,,
Edmund Duffy,male,male,1931,Editorial-Cartooning,The Baltimore Sun,,no,Edmund,,
Edmund S. Valtman,male,male,1962,Editorial-Cartooning,The Hartford Times,,no,Edmund,,
Edmund Stevens,male,male,1950,International-Reporting,The Christian Science Monitor,,no,Edmund,,
Edward A. Harris,male,male,1946,Telegraphic-Reporting-(National),St. Louis Post-Dispatch,,no,Edward,,
Edward D. Kuekes,male,male,1953,Editorial-Cartooning,Cleveland Plain Dealer,,no,Edward,,
Edward Humes,male,male,1989,Specialized-Reporting,The Orange County Register,,no,Edward,,
Edward J. Mowery,male,male,1953,Local-Reporting;-No-Edition-Time,New York World-Telegram,,no,Edward,,
Edward M. Kingsbury,male,male,1926,Editorial-Writing,The New York Times,,no,Edward,,
Edward R. Cony,male,male,1961,National-Reporting,The Wall Street Journal,,no,Edward,,
Edward S. Montgomery,male,male,1951,Local-Reporting,San Francisco Examiner,,no,Edward,,
Edward T. Adams,male,male,1969,Spot-News-Photography,Associated Press,,no,Edward,,
Edward T. Folliard,male,male,1947,Telegraphic-Reporting-(National),The Washington Post,,no,Edward,,
Edwin A. Roberts Jr.,male,male,1974,Commentary,National Observer,,no,Edwin,,
Edwin M. Yoder Jr.,male,male,1979,Editorial-Writing,The Washington Star,,no,Edwin,,
Edwin O. Guthman,male,male,1950,National-Reporting,The Seattle Times,,no,Edwin,,
Elliot G. Jaspin,male,male,1979,Local-Investigative-Specialized-Reporting,Pottsville (PA) Republican,,no,Elliot,,
Eric Freedman,male,male,1994,Beat-Reporting,The Detroit News,,no,Eric,,
Eric Lichtblau,male,male,2006,National-Reporting,The New York Times,,no,Eric,,
Eric Lipton,male,male,1992,Explanatory-Journalism,Hartford (CT) Courant,,no,Eric,,
Eric Nalder,male,male,1990,National-Reporting,The Seattle Times,,no,Eric,,
Eric Newhouse,male,male,2000,Explanatory-Reporting,Great Falls (Mont.) Tribune,,no,Eric,,
Ernest Taylor Pyle,male,male,1944,Correspondence,Scripps-Howard Newspaper Alliance,,no,Ernest,,
Erwin H. Hagler,male,male,1980,Feature-Photography,Dallas Times Herald,,no,Erwin,,
Eugene Gray Payne,male,male,1968,Editorial-Cartooning,The Charlotte Observer,,no,Eugene,,
Eugene Patterson,male,male,1967,Editorial-Writing,The Atlanta Constitution,,no,Eugene,,
Eugene Robinson,male,male,2009,Commentary,The Washington Post,,no,Eugene,,
Felix Morley,male,male,1936,Editorial-Writing,Washington Post and Scripps-Howard Newspapers,,no,Felix,,
Forrest W. Seymour,male,male,1943,Editorial-Writing,Register and Tribune,,no,Forrest,,
Foster Church,male,male,1977,Editorial-Writing,Reno (Nev.) Evening Gazette and Nevada State Journal,,no,Foster,,
Francis A. Jamieson,male,male,1933,Reporting,Associated Press,,no,Francis,,
Frank Conniff,male,male,1956,International-Reporting,International News Service,,no,Frank,,
Frank Cushing,male,male,1948,Photography,Boston Traveler,,no,Frank,,
Frank Filan,male,male,1944,Photography,Associated Press,,no,Frank,,
Frank M. O'Brien,male,male,1922,Editorial-Writing,New York Herald,,no,Frank,,
Frank Main,male,male,2011,Local-Reporting,Chicago Sun-Times,,no,Frank,,
Frank Miller,male,male,1963,Editorial-Cartooning,Des Moines Register,,no,Frank,,
Frank Noel,male,male,1943,Photography,Associated Press,,no,Frank,,
Frank Peters Jr.,male,male,1972,Criticism,St. Louis Post-Dispatch,,no,Frank,,
Frank Suraci,male,male,2015,Local-Reporting,Daily Breeze,,no,Frank,,
Fred L. Packer,male,male,1952,Editorial-Cartooning,New York Mirror,,no,Fred,,
Fred Sparks,male,male,1951,International-Reporting,Chicago Daily News,,no,Fred,,note
Frederick Meyer,male,male,1964,Local-Investigative-Specialized-Reporting,The Philadelphia Bulletin,,no,Frederick,,
Frederick T. Birchall,male,male,1934,Correspondence,The New York Times,,no,Frederick,,
Frederick Woltman,male,male,1947,Reporting,New York World-Telegram,,no,Frederick,,
Fredric N. Tulsky,male,male,1987,Investigative-Reporting,The Philadelphia Inquirer,,no,Fredric,,
Gareth Cook,male,male,2005,Explanatory-Reporting,The Boston Globe,,no,Gareth,,
Garry Trudeau,male,male,1975,Editorial-Cartooning,Universal Press Syndicate,,no,Garry,,
Gary Cohn,male,male,1998,Investigative-Reporting,The Baltimore Sun,,no,Gary,,
Gary Mc Millan,male,male,1984,Local-Investigative-Specialized-Reporting,The Boston Globe,,no,Gary,,
Gary Porter,male,male,2011,Explanatory-Reporting,Milwaukee Journal Sentinel,,no,Gary,,
Gaylord D. Shaw,male,male,1978,National-Reporting,Los Angeles Times,,no,Gaylord,,
Gene Goltz,male,male,1965,Local-Investigative-Specialized-Reporting,Houston Post,,no,Gene,,
Gene Miller,male,male,1967,Local-Investigative-Specialized-Reporting,The Miami Herald,,no,Gene,,
Gene S. Graham,male,male,1962,National-Reporting,Nashville Tennessean,,no,Gene,,
Gene Weingarten,male,male,2008,Feature-Writing,The Washington Post,,no,Gene,,
Geoffrey Parsons,male,male,1942,Editorial-Writing,New York Herald Tribune,,no,Geoffrey,,
George B. Parker,male,male,1936,Editorial-Writing,Washington Post and Scripps-Howard Newspapers,,no,George,,
George Beveridge,male,male,1958,Local-Reporting;-No-Edition-Time,The Evening Star,,no,George,,
George Bliss,male,male,1962,Local-Reporting;-No-Edition-Time,Chicago Tribune,,no,George,,
George De Carvalho,male,male,1952,Local-Reporting,San Francisco Chronicle,,no,George,,
George Dohrmann,male,male,2000,Beat-Reporting,St. Paul Pioneer Press,,no,George,,
George E. Goodwin,male,male,1948,Local-Reporting,The Atlanta Journal-Constitution,,no,George,,
George F. Will,male,male,1977,Commentary,The Washington Post,,no,George,,
George Lardner Jr.,male,male,1993,Feature-Writing,The Washington Post,,no,George,,
George Rodrigue,male,male,1986,National-Reporting,The Dallas Morning News,,no,George,,
George W. Potter,male,male,1945,Editorial-Writing,The Providence Journal-Bulletin,,no,George,,
George Weller,male,male,1943,Reporting,Chicago Daily News,,no,George,,
Gerald H. Gay,male,male,1975,Spot-News-Photography,The Seattle Times,,no,Gerald,,
Gerard M. O'Neill,male,male,1972,Local-Investigative-Specialized-Reporting,The Boston Globe,,no,Gerard,,
Gilbert M. Gaul,male,male,1979,Local-Investigative-Specialized-Reporting,Pottsville (PA) Republican,,no,Gilbert,,
Glenn Frankel,male,male,1989,International-Reporting,The Washington Post,,no,Glenn,,
Glenn Howatt,male,male,2013,Local-Reporting,Star Tribune,,no,Glenn,,
Gobind Behari Lal,male,male,1937,Reporting,Universal Service,,no,Gobind,,note
Greg Marinovich,male,male,1991,Spot-News-Photography,Associated Press,,no,Greg,,
Grover Cleveland Hall,male,male,1928,Editorial-Writing,Montgomery (AL) Advertiser,,no,Grover,,
Hal Hendrix,male,male,1963,International-Reporting,The Miami News,,no,Hal,,
Harold A. Littledale,male,male,1918,Reporting,New York Evening Post,,no,Harold,,
Harold C. Schonberg,male,male,1971,Criticism,The New York Times,,no,Harold,,
Harold Eugene Martin,male,male,1970,Local-Investigative-Specialized-Reporting,Montgomery Advertiser and Alabama Journal,,no,Harold,,
Harold Jackson,male,male,1991,Editorial-Writing,The Birmingham (AL) News,,no,Harold,,
Harold V. (Hal) Boyl,male,male,1945,Correspondence,Associated Press,,no,Harold,,
Harrison E. Salisbury,male,male,1955,International-Reporting,The New York Times,,no,Harrison,,
Harry A. Trask,male,male,1957,Photography,Boston Traveler,,no,Harry,,
Harry S. Ashmore,male,male,1958,Editorial-Writing,Arkansas Gazette,,no,Harry,,
Harvey E. Newbranch,male,male,1920,Editorial-Writing,Evening World Herald,,no,Harvey,,
Hector Rondon,male,male,1963,Photography,La Republica,,no,Hector,,
Henry Allen,male,male,2000,Criticism,The Washington Post,,no,Henry,,
Henry Beetle Hough,male,male,1918,Newspaper-History-Award,American Press,,no,Henry,,
Henry J. Haskell,male,male,1944,Editorial-Writing,Kansas City (MO) Star,,no,Henry,,
Henry Kamm,male,male,1978,International-Reporting,The New York Times,,no,Henry,,
Herbert Bayard Swope,male,male,1917,Reporting,New York World,,no,Herbert,,
Herbert Elliston,male,male,1949,Editorial-Writing,The Washington Post,,no,Herbert,,
Herbert L. Block,male,male,1954,Editorial-Cartooning,The Washington Post,Times-Herald,no,Herbert,y,
Herbert Lawrence Block,male,male,1942,Editorial-Cartooning,NEA service,,no,Herbert,,
Homer Bigart,male,male,1951,International-Reporting,New York Herald Tribune,,no,Homer,,note
Homer William Bigart,male,male,1946,Telegraphic-Reporting-(International),New York Herald Tribune,,no,Homer,,
Horst Faas,male,male,1972,Spot-News-Photography,Associated Press,,no,Horst,,
Howard James,male,male,1968,National-Reporting,The Christian Science Monitor,,no,Howard,,
Howard Rosenberg,male,male,1985,Criticism,Los Angeles Times,,no,Howard,,
Howard Van Smith,male,male,1959,National-Reporting,The Miami News,,no,Howard,,
Howard W. Blakeslee,male,male,1937,Reporting,AP,,no,Howard,,note
Howell Raines,male,male,1992,Feature-Writing,The New York Times,,no,Howell,,
Hugh F. Hough,male,male,1974,Local-General-or-Spot-News-Reporting,Chicago Sun-Times,,no,Hugh,,
Ian Johnson,male,male,2001,International-Reporting,The Wall Street Journal,,no,Ian,,
Jack Anderson,male,male,1972,National-Reporting,a syndicated columnist,,no,Jack,,
Jack Dykinga,male,male,1971,Feature-Photography,Chicago Sun-Times,,no,Jack,,
Jack Fuller,male,male,1986,Editorial-Writing,Chicago Tribune,,no,Jack,,
Jack Higgins,male,male,1989,Editorial-Cartooning,Chicago Sun-Times,,no,Jack,,
Jack Nelson,male,male,1960,Local-Reporting;-Edition-Time,The Atlanta Constitution,,no,Jack,,
Jack R. Thornell,male,male,1967,Photography,Associated Press,,no,Jack,,
Jack Reed,male,male,1985,Investigative-Reporting,St. Petersburg (FL) Times,,no,Jack,,
Jack Rosenthal,male,male,1982,Editorial-Writing,The New York Times,,no,Jack,,
Jack S. McDowell,male,male,1945,Reporting,San Francisco Call-Bulletin,,no,Jack,,
Jack White,male,male,1974,National-Reporting,Providence Journal and Evening Bulletin,,no,Jack,,
Jacob Burck,male,male,1941,Editorial-Cartooning,Chicago Times,,no,Jacob,,
Jahangir Razmi,male,male,1980,Spot-News-Photography,Ettela'at,,no,Jahangir,,
Jake Bernstein,male,male,2011,National-Reporting,ProPublica,,no,Jake,,
Jake Hooker,male,male,2008,Investigative-Reporting,The New York Times,,no,Jake,,
James B. Dickman,male,male,1983,Feature-Photography,Dallas Times Herald,,no,James,,
James B. Steele,male,male,1975,National-Reporting,The Philadelphia Inquirer,,no,James,,
James B. Stewart,male,male,1988,Explanatory-Journalism,The Wall Street Journal,,no,James,,
James R. Polk,male,male,1974,National-Reporting,Washington Star-News,,no,James,,
James B. Reston,male,male,1957,National-Reporting,The New York Times,,no,James,,
James Risen,male,male,2006,National-Reporting,The New York Times,,no,James,,
James Risser,male,male,1976,National-Reporting,Des Moines Register,,no,James,,
James T. Berryman,male,male,1950,Editorial-Cartooning,The Evening Star,,no,James,,
James V. Grimaldi,male,male,2006,Investigative-Reporting,The Washington Post,,no,James,,
James V. Magee,male,male,1964,Local-Investigative-Specialized-Reporting,The Philadelphia Bulletin,,no,James,,
James W. Mulroy,male,male,1925,Reporting,Chicago Daily News,,no,James,,
Jason Szep,male,male,2014,International-Reporting,Reuters,,no,Jason,,
Javier Manzano,male,male,2013,Feature-Photography,freelance photographer,,no,Javier,,
Jay Norwood Darling,male,male,1924,Editorial-Cartooning,Des Moines Register,,no,Jay,,
Jeff Brazil,male,male,1993,Investigative-Reporting,Orlando (FL) Sentinel,,no,Jeff,,
Jeff Gerth,male,male,1999,National-Reporting,The New York Times,,no,Jeff,,
Jeff Lyon,male,male,1987,Explanatory-Journalism,Chicago Tribune,,no,Jeff,,
Jeff MacNelly,male,male,1985,Editorial-Cartooning,Chicago Tribune,,no,Jeff,,
Jeff Nesmith,male,male,1998,National-Reporting,Dayton Daily News,,no,Jeff,,
Jeff Taylor,male,male,1992,National-Reporting,The Kansas City Star,,no,Jeff,,
Jeffrey A. Marx,male,male,1986,Investigative-Reporting,Lexington (KY) Herald-Leader,,no,Jeffrey,,
Jeffrey Gettleman,male,male,2012,International-Reporting,The New York Times,,no,Jeffrey,,
Jeffrey Good,male,male,1995,Editorial-Writing,St. Petersburg (FL) Times,,no,Jeffrey,,
Jeffrey K. MacNelly,male,male,1978,Editorial-Cartooning,Richmond (VA) News Leader,,no,Jeffrey,,
Jeremy Olson,male,male,2013,Local-Reporting,Star Tribune,,no,Jeremy,,
Jesse Eisinger,male,male,2011,National-Reporting,ProPublica,,no,Jesse,,
Jim Borgman,male,male,1991,Editorial-Cartooning,The Cincinnati Enquirer,,no,Jim,,
Jim Dwyer,male,male,1995,Commentary,Newsday,,no,Jim,,
Jim G. Lucas,male,male,1954,International-Reporting,Scripps-Howard Newspaper Alliance,,no,Jim,,
Jim Hoagland,male,male,1991,Commentary,The Washington Post,,no,Jim,,
Jim Mitzelfeld,male,male,1994,Beat-Reporting,The Detroit News,,no,Jim,,
Jim Morin,male,male,1996,Editorial-Cartooning,The Miami Herald,,no,Jim,,
Jim Murray,male,male,1990,Commentary,Los Angeles Times,,no,Jim,,
Jim Schaefer,male,male,2009,Local-Reporting,Detroit Free Press,,no,Jim,,
Jim Sheeler,male,male,2006,Feature-Writing,Rocky Mountain News,,no,Jim,,
Jim Yardley,male,male,2006,International-Reporting,The New York Times,,no,Jim,,
Jimmie Lee Hoagland,male,male,1971,International-Reporting,The Washington Post,,no,Jimmie,,
Jimmy Breslin,male,male,1986,Commentary,New York Daily News,,no,Jimmy,,
Joe Mahr,male,male,2004,Investigative-Reporting,The Blade,,no,Joe,,
Joe Morgenstern,male,male,2005,Criticism,The Wall Street Journal,,no,Joe,,
Joe Rosenthal,male,male,1945,Photography,Associated Press,,no,Joe,,
Joel Pett,male,male,2000,Editorial-Cartooning,Lexington (KY) Herald-Leader,,no,Joel,,
Joey Kennedy,male,male,1991,Editorial-Writing,The Birmingham (AL) News,,no,Joey,,
John Anthony Frasca,male,male,1966,Local-Investigative-Specialized-Reporting,Tampa (FL) Tribune,,no,John,,
John Branch,male,male,2013,Feature-Writing,The New York Times,,no,John,,
John C. Bersia,male,male,2000,Editorial-Writing,Orlando Sentinel,,no,John,,
John Camp,male,male,1986,Feature-Writing,St. Paul Pioneer Press,,no,John,,
John Daniell Maurice,male,male,1975,Editorial-Writing,Charleston (WV) Daily Mail,,no,John,,
John Darnton,male,male,1982,International-Reporting,The New York Times,,no,John,,
John F. Burns,male,male,1993,International-Reporting,The New York Times,,no,John,,
John Fetterman,male,male,1969,Local-General-or-Spot-News-Reporting,Louisville Courier-Journal,,no,John,,
John Fischetti,male,male,1969,Editorial-Cartooning,Chicago Daily News,,no,John,,
John H. Blair,male,male,1978,Spot-News-Photography,United Press Internationalcategory,,no,John,,
John H. Crider,male,male,1949,Editorial-Writing,The Boston Herald,,no,John,,
John H. White,male,male,1982,Feature-Photography,Chicago Sun-Times,,no,John,,
John Harold Brislin,male,male,1959,Local-Reporting;-No-Edition-Time,Scranton (PA) Tribune and Scrantonian,,no,John,,
John J. Kim,male,male,2011,Local-Reporting,Chicago Sun-Times,,no,John,,
John J. Leary,male,male,1920,Reporting,New York World,,no,John,,
John J. O'Neill,male,male,1937,Reporting,New York Herald Tribune,,no,John,,note
John Kaplan,male,male,1992,Feature-Photography,Block Newspapers,,no,John,,
John L. Gaunt,male,male,1955,Photography,Los Angeles Times,,no,John,,
John M. Crewdson,male,male,1981,National-Reporting,The New York Times,,no,John,,
John M. Hightower,male,male,1952,International-Reporting,Associated Press,,no,John,,
John Machacek,male,male,1972,Local-General-or-Spot-News-Reporting,Rochester (NY) Times-Union,,no,John,,
John Noble Wilford,male,male,1984,National-Reporting,The New York Times,,no,John,,
John Paul Filo,male,male,1971,Spot-News-Photography,Valley Daily News and Daily Dispatch,,no,John,,
John R. Harrison,male,male,1965,Editorial-Writing,The Gainesville (FL) Sun,,no,John,,
John Robinson,male,male,1952,Photography,Des Moines Register,,no,John,,
John S. Knight,male,male,1968,Editorial-Writing,Knight Newspapers,,no,John,,
John Strohmeyer,male,male,1972,Editorial-Writing,Bethlehem (PA) Globe-Times,,no,John,,
John T. McCutcheon,male,male,1932,Editorial-Cartooning,Chicago Tribune,,no,John,,
John T. Rogers,male,male,1927,Reporting,St. Louis Post-Dispatch,,no,John,,
John W. Owens,male,male,1937,Editorial-Writing,The Baltimore Sun,,no,John,,
John Woestendiek,male,male,1987,Investigative-Reporting,The Philadelphia Inquirer,,no,John,,
Jon Franklin,male,male,1985,Explanatory-Journalism,The Baltimore Evening Sun,,no,Jon,,
Jonathan Freedman,male,male,1987,Editorial-Writing,The Tribune,,no,Jonathan,,
Jonathan Gold,male,male,2007,Criticism,LA Weekly,,no,Jonathan,,
Jonathan Kaufman,male,male,1984,Local-Investigative-Specialized-Reporting,The Boston Globe,,no,Jonathan,,
Jonathan Yardley,male,male,1981,Criticism,The Washington Star,,no,Jonathan,,
Joseph B. White,male,male,1993,Beat-Reporting,The Wall Street Journal,,no,Joseph,,
Joseph Kahn,male,male,2006,International-Reporting,The New York Times,,no,Joseph,,
Joseph Martin,male,male,1959,International-Reporting,New York Daily News,,no,Joseph,,
Joseph Rago,male,male,2011,Editorial-Writing,The Wall Street Journal,,no,Joseph,,
Joseph T. Hallinan,male,male,1991,Investigative-Reporting,The Indianapolis Star,,no,Joseph,,
Josh Friedman,male,male,1985,International-Reporting,Newsday,,no,Josh,,
Josh Haner,male,male,2014,Feature-Photography,The New York Times,,no,Josh,,
Jules Feiffer,male,male,1986,Editorial-Cartooning,The Village Voice,,no,Jules,,
Justin Davidson,male,male,2002,Criticism,Newsday,,no,Justin,,
Ken Armstrong,male,male,2012,Investigative-Reporting,The Seattle Times,,no,Ken,,
Ken Geiger,male,male,1993,Spot-News-Photography,The Dallas Morning News,,no,Ken,,
Kenneth Cooper,male,male,1984,Local-Investigative-Specialized-Reporting,The Boston Globe,,no,Kenneth,,
Kenneth R. Weiss,male,male,2007,Explanatory-Reporting,Los Angeles Times,,no,Kenneth,,
Kevin Carter,male,male,1994,Feature-Photography,freelance photographer,,no,Kevin,,
Kevin Helliker,male,male,2004,Explanatory-Reporting,The Wall Street Journal,,no,Kevin,,
Kevin Sack,male,male,2003,National-Reporting,Los Angeles Times,,no,Kevin,,
Kevin Siers,male,male,2014,Editorial-Cartooning,The Charlotte Observer,,no,Kevin,,
Kevin Sullivan,male,male,2003,International-Reporting,The Washington Post,,no,Kevin,,
Keyes Beech,male,male,1951,International-Reporting,Chicago Daily News,,no,Keyes,,note
Khalil Hamra,male,male,2013,Breaking-News-Photography,Associated Press,,no,Khalil,,
Kirk Scharfenberg,male,male,1984,Local-Investigative-Specialized-Reporting,The Boston Globe,,no,Kirk,,
Kyoichi Sawada,male,male,1966,Photography,United Press Internationalcategory,,no,Kyoichi,,
Lane DeGregory,male,male,2009,Feature-Writing,St. Petersburg (FL) Times,,no,Lane,,
Larry C. Price,male,male,1981,Spot-News-Photography,Fort Worth (TX) Star-Telegram,,no,Larry,,
Lee Hills,male,male,1956,Local-Reporting;-Edition-Time,Detroit Free Press,,no,Lee,,
Leland Stowe,male,male,1930,Correspondence,New York Herald Tribune,,no,Leland,,
Leon Dash,male,male,1995,Explanatory-Journalism,The Washington Post,,no,Leon,,
Leonard Pitts Jr.,male,male,2004,Commentary,The Miami Herald,,no,Leonard,,
Lewis M. Simons,male,male,1986,International-Reporting,San Jose (CA) Mercury News,,no,Lewis,,
Lloyd Schwartz,male,male,1994,Criticism,The Boston Phoenix,,no,Lloyd,,
Loren Jenkins,male,male,1983,International-Reporting,The New York Times and The Washington Post,,no,Loren,,
Lou Kilzer,male,male,1990,Investigative-Reporting,Star Tribune,,no,Lou,,
Lou Saldivar,male,male,2011,Explanatory-Reporting,Milwaukee Journal Sentinel,,no,Lou,,
Louis Isaac Jaffe,male,male,1929,Editorial-Writing,Norfolk Virginian-Pilot,,no,Louis,,
Louis LaCoss,male,male,1952,Editorial-Writing,St. Louis Globe-Democrat,,no,Louis,,
Louis M. Kohlmeier,male,male,1965,National-Reporting,The Wall Street Journal,,no,Louis,,
Louis P. Lochner,male,male,1939,Correspondence,Associated Press,,no,Louis,,
Louis Seibold,male,male,1921,Reporting,New York World,,no,Louis,,
Louis Stark,male,male,1942,Telegraphic-Reporting-(National),The New York Times,,no,Louis,,
Lowell Bergman,male,male,2004,Public-Service,The New York Times,,no,Lowell,,
Lucian Perkins,male,male,2000,Feature-Photography,The Washington Post,,no,Lucian,,
Lute Pease,male,male,1949,Editorial-Cartooning,Newark Evening News,,no,Lute,,
Malcolm Johnson,male,male,1949,Local-Reporting,New York Sun,,no,Malcolm,,
Malcolm W. Browne,male,male,1964,International-Reporting,Associated Press,The New York Times,no,Malcolm,y,
Manny Crisostomo,male,male,1989,Feature-Photography,Detroit Free Press,,no,Manny,,
Manu Brabo,male,male,2013,Breaking-News-Photography,Associated Press,,no,Manu,,
Mark Feeney,male,male,2008,Criticism,The Boston Globe,,no,Mark,,
Mark Fiore,male,male,2010,Editorial-Cartooning,"self syndicated, appearing on SFGate.com",,no,Mark,,
Mark Fritz,male,male,1995,International-Reporting,Associated Press,,no,Mark,,
Mark Johnson,male,male,2011,Explanatory-Reporting,Milwaukee Journal Sentinel,,no,Mark,,
Mark Konkol,male,male,2011,Local-Reporting,Chicago Sun-Times,,no,Mark,,
Mark Mahoney,male,male,2009,Editorial-Writing,The Post-Star,,no,Mark,,
Mark S. Watson,male,male,1945,Telegraphic-Reporting-(International),The Baltimore Sun,,no,Mark,,
Mark Schoofs,male,male,2000,International-Reporting,The Village Voice,,no,Mark,,
Marquis W. Childs,male,male,1970,Commentary,St. Louis Post-Dispatch,,no,Marquis,,
Martin Bernheimer,male,male,1982,Criticism,Los Angeles Times,,no,Martin,,
Massoud Hossaini,male,male,2012,Breaking-News-Photography,Agence France-Presse,,no,Massoud,,
Matt Apuzzo,male,male,2012,Investigative-Reporting,Associated Press,,no,Matt,,
Matt Davies,male,male,2004,Editorial-Cartooning,The Journal News,,no,Matt,,
Matt Rainey,male,male,2001,Feature-Photography,The Star-Ledger,,no,Matt,,
Matt Richtel,male,male,2010,National-Reporting,The New York Times,,no,Matt,,
Matt Wuerker,male,male,2012,Editorial-Cartooning,POLITICO,,no,Matt,,
Matthew Lewis,male,male,1975,Feature-Photography,The Washington Post,,no,Matthew,,
Max Desfor,male,male,1951,Photography,Associated Press,,no,Max,,
Max Frankel,male,male,1973,International-Reporting,The New York Times,,no,Max,,
Melvin H. Ruder,male,male,1965,Local-General-or-Spot-News-Reporting,Hungry Horse News,,no,Melvin,,
Michael A. Hiltzik,male,male,1999,Beat-Reporting,Los Angeles Times,,no,Michael,,
Michael D. Sallah,male,male,2004,Investigative-Reporting,The Blade,,no,Michael,,
Michael Dirda,male,male,1993,Criticism,The Washington Post,,no,Michael,,
Michael Gartner,male,male,1997,Editorial-Writing,The Daily Tribune,,no,Michael,,
Michael J. Berens,male,male,2012,Investigative-Reporting,The Seattle Times,,no,Michael,,
Michael LaForgia,male,male,2014,Local-Reporting,Tampa Bay Times,,no,Michael,,
Michael M. York,male,male,1986,Investigative-Reporting,Lexington (KY) Herald-Leader,,no,Michael,,
Michael Moss,male,male,2010,Explanatory-Reporting,The New York Times,,no,Michael,,
Michael Parks,male,male,1987,International-Reporting,Los Angeles Times,,no,Michael,,
Michael Ramirez,male,male,2008,Editorial-Cartooning,Investor's Business Daily,,no,Michael,,
Michael Skube,male,male,1989,Criticism,News and Observer,,no,Michael,,
Michael Vitez,male,male,1997,Explanatory-Journalism,The Philadelphia Inquirer,,no,Michael,,
Michael Williamson,male,male,2000,Feature-Photography,The Washington Post,,no,Michael,,
Michel du Cille,male,male,1986,Spot-News-Photography,The Miami Herald,,no,Michel,,
Michel Laurent,male,male,1972,Spot-News-Photography,Associated Press,,no,Michel,,
Mike Keefe,male,male,2011,Editorial-Cartooning,The Denver Post,,no,Mike,,
Mike Luckovich,male,male,1995,Editorial-Cartooning,The Atlanta Constitution,,no,Mike,,
Mike McAlary,male,male,1998,Commentary,New York Daily News,,no,Mike,,
Mike McGraw,male,male,1992,National-Reporting,The Kansas City Star,,no,Mike,,
Mike Peters,male,male,1981,Editorial-Cartooning,Dayton Daily News,,no,Mike,,
Mike Royko,male,male,1972,Commentary,Chicago Daily News,,no,Mike,,
Mike Toner,male,male,1993,Explanatory-Journalism,The Atlanta Journal-Constitution,,no,Mike,,
Milton Brooks,male,male,1942,Photography,The Detroit News,,no,Milton,,
Mitch Weiss,male,male,2004,Investigative-Reporting,The Blade,,no,Mitch,,
Monroe Karmin,male,male,1967,National-Reporting,The Wall Street Journal,,no,Monroe,,
Muhammed Muheisen,male,male,2013,Breaking-News-Photography,Associated Press,,no,Muhammed,,
Murray Kempton,male,male,1985,Commentary,Newsday,,no,Murray,,
Narciso Contreras,male,male,2013,Breaking-News-Photography,Associated Press,,no,Narciso,,
Nat S. Finney,male,male,1948,National-Reporting,Minneapolis Tribune,,no,Nat,,
Nathan G. Caldwell,male,male,1962,National-Reporting,Nashville Tennessean,,no,Nathan,,
Nathan K. (Nick) Kotz,male,male,1968,National-Reporting,Des Moines Register,Minneapolis Tribune,no,Nathan,y,
Nathaniel Fein,male,male,1949,Photography,New York Herald Tribune,,no,Nathaniel,,
Neal Ulevich,male,male,1977,Spot-News-Photography,Associated Press,,no,Neal,,
Nelson Harding,male,male,1927,Editorial-Cartooning,Brooklyn Daily Eagle,,no,Nelson,,
Nicholas D. Kristof,male,male,1990,International-Reporting,The New York Times,,no,Nicholas,,
Nick Anderson,male,male,2005,Editorial-Cartooning,Louisville Courier-Journal,,no,Nick,,
Nigel Jaquiss,male,male,2005,Investigative-Reporting,Willamette Week,,no,Nigel,,
Nils Bruzelius,male,male,1980,Local-Investigative-Specialized-Reporting,The Boston Globe,,no,Nils,,
Norman C. Miller,male,male,1964,Local-General-or-Spot-News-Reporting,The Wall Street Journal,,no,Norman,,
Norman F. Cardoza,male,male,1977,Editorial-Writing,Reno (Nev.) Evening Gazette and Nevada State Journal,,no,Norman,,
Norman Lockman,male,male,1984,Local-Investigative-Specialized-Reporting,The Boston Globe,,no,Norman,,
Oded Balilty,male,male,2007,Breaking-News-Photography,Associated Press,,no,Oded,,
Oscar Griffin Jr.,male,male,1963,Local-Reporting;-No-Edition-Time,Pecos (TX) Independent and Enterprise,,no,Oscar,,
Otto D. Tolischus,male,male,1940,Correspondence,The New York Times,,no,Otto,,
Patrick B. Oliphant,male,male,1967,Editorial-Cartooning,The Denver Post,,no,Patrick,,
Patrick Farrell,male,male,2009,Breaking-News-Photography,The Miami Herald,,no,Patrick,,
Patrick J. Sloyan,male,male,1992,International-Reporting,Newsday,,no,Patrick,,
Paul A. Gigot,male,male,2000,Commentary,The Wall Street Journal,,no,Paul,,
Paul Conrad,male,male,1971,Editorial-Cartooning,Los Angeles Times,,no,Paul,,
Paul Gapp,male,male,1979,Criticism,Chicago Tribune,,no,Paul,,
Paul Giblin,male,male,2009,Local-Reporting,East Valley Tribune,,no,Paul,,
Paul Goldberger,male,male,1984,Criticism,The New York Times,,no,Paul,,
Paul Greenberg,male,male,1969,Editorial-Writing,Pine Bluff (AR) Commercial,,no,Paul,,
Paul Henderson,male,male,1982,Local-Investigative-Specialized-Reporting,The Seattle Times,,no,Paul,,
Paul Ingrassia,male,male,1993,Beat-Reporting,The Wall Street Journal,,no,Paul,,
Paul Salopek,male,male,2001,International-Reporting,Chicago Tribune,,no,Paul,,
Paul Schoenstein and Associates,male,male,1944,Reporting,New York Journal-American,,no,Paul,,
Paul Scott Mowrer,male,male,1929,Correspondence,Chicago Daily News,,no,Paul,,
Paul Szep,male,male,1974,Editorial-Cartooning,The Boston Globe,,no,Paul,,
Paul Vathis,male,male,1962,Photography,Associated Press,,no,Paul,,
Paul W. Ward,male,male,1948,International-Reporting,The Baltimore Sun,,no,Paul,,
Paul Watson,male,male,1994,Spot-News-Photography,The Toronto Star,,no,Paul,,
Paul Y. Anderson,male,male,1929,Reporting,St. Louis Post-Dispatch,,no,Paul,,
Pete Carey,male,male,1986,International-Reporting,San Jose (CA) Mercury News,,no,Pete,,
Peter Arnett,male,male,1966,International-Reporting,Associated Press,,no,Peter,,
Peter Gorner,male,male,1987,Explanatory-Journalism,Chicago Tribune,,no,Peter,,
Peter Mark Rinearson,male,male,1984,Feature-Writing,The Seattle Times,,no,Peter,,
Peter R. Kann,male,male,1972,International-Reporting,The Wall Street Journal,,no,Peter,,
Philip Kennicott,male,male,2013,Criticism,The Washington Post,,no,Philip,,
Philip L. Geyelin,male,male,1970,Editorial-Writing,The Washington Post,,no,Philip,,
Philip P. Kerby,male,male,1976,Editorial-Writing,Los Angeles Times,,no,Philip,,
Philip Santora,male,male,1959,International-Reporting,New York Daily News,,no,Philip,,
Preston Gannaway,male,male,2008,Feature-Photography,Concord (NH) Monitor,,no,Preston,,
Price Day,male,male,1949,International-Reporting,The Baltimore Sun,,no,Price,,
Ralph McGill,male,male,1959,Editorial-Writing,The Atlanta Constitution,,no,Ralph,,
Randall Savage,male,male,1985,Specialized-Reporting,Macon (GA) Telegraph and News,,no,Randall,,
Raymond Sprigle,male,male,1938,Reporting,Pittsburgh Post-Gazette,,no,Raymond,,
Reg (Reginald W.) Manning,male,male,1951,Editorial-Cartooning,The Arizona Republic,,no,Reg,,
Reuben L. Goldberg,male,male,1948,Editorial-Cartooning,New York Sun,,no,Reuben,,
Reuben Maury,male,male,1941,Editorial-Writing,New York Daily News,,no,Reuben,,
Richard Aregood,male,male,1985,Editorial-Writing,The Philadelphia Daily News,,no,Richard,,
Richard Ben Cramer,male,male,1979,International-Reporting,The Philadelphia Inquirer,,no,Richard,,
Richard Cooper,male,male,1972,Local-General-or-Spot-News-Reporting,Rochester (NY) Times-Union,,no,Richard,,
Richard Eder,male,male,1987,Criticism,Los Angeles Times,,no,Richard,,
Richard Locher,male,male,1983,Editorial-Cartooning,Chicago Tribune,,no,Richard,,
Richard Read,male,male,1999,Explanatory-Reporting,The Oregonian,,no,Richard,,
Richard Whitt,male,male,1978,Local-General-or-Spot-News-Reporting,Louisville Courier-Journal,,no,Richard,,
Richard Wilson,male,male,1954,National-Reporting,Des Moines Register,,no,Richard,,
Rick Atkinson,male,male,1982,National-Reporting,The Kansas City Times,,no,Rick,,
Rick Attig,male,male,2006,Editorial-Writing,The Oregonian,,no,Rick,,
Rick Bragg,male,male,1996,Feature-Writing,The New York Times,,no,Rick,,
Rick Loomis,male,male,2007,Explanatory-Reporting,Los Angeles Times,,no,Rick,,
Ricky Carioti,male,male,2011,Breaking-News-Photography,The Washington Post,,no,Ricky,,
Rob Kuznia,male,male,2015,Local-Reporting,Daily Breeze,,no,Rob,,
Robert B. Lowe,male,male,1981,Local-Investigative-Specialized-Reporting,The Arizona Daily Star,,no,Robert,,
Robert B. Semple,male,male,1996,Editorial-Writing,The New York Times,,no,Robert,,
Robert Boyd,male,male,1973,National-Reporting,Knight Newspapers,,no,Robert,,
Robert Cahn,male,male,1969,National-Reporting,The Christian Science Monitor,,no,Robert,,
Robert Campbell,male,male,1996,Criticism,The Boston Globe,,no,Robert,,
Robert D. McFadden,male,male,1996,Spot-News-Reporting,The New York Times,,no,Robert,,
Robert D. Mulllins,male,male,1962,Local-Reporting;-Edition-Time,Deseret News,,no,Robert,,
Robert H. Jackson,male,male,1964,Photography,Dallas Times Herald,,no,Robert,,
Robert L. Bartley,male,male,1980,Editorial-Writing,The Wall Street Journal,,no,Robert,,
Robert Lasch,male,male,1966,Editorial-Writing,St. Louis Post-Dispatch,,no,Robert,,
Robert M. Porterfield,male,male,1980,Local-Investigative-Specialized-Reporting,The Boston Globe,,no,Robert,,
Robert S. Capers,male,male,1992,Explanatory-Journalism,Hartford (CT) Courant,,no,Robert,,
Robert V. Cox,male,male,1967,Local-General-or-Spot-News-Reporting,Chambersburg (Pennsylvania) Public Opinion,,no,Robert,,
Robert York,male,male,1956,Editorial-Cartooning,Louisville (KY) Times,,no,Robert,,
Robin Givhan,male,male,2006,Criticism,The Washington Post,,no,Robin,,
Robin Hood,male,male,1977,Feature-Photography,Chattanooga News-Free Press,,no,Robin,,
Rocco Morabito,male,male,1968,Spot-News-Photography,Jacksonville Journal,,no,Rocco,,
Rodrigo Abd,male,male,2013,Breaking-News-Photography,Associated Press,,no,Rodrigo,,
Roger B. Linscott,male,male,1973,Editorial-Writing,Berkshire Eagle,,no,Roger,,
Roger Ebert,male,male,1975,Criticism,Chicago Sun-Times,,no,Roger,,
Roland Kenneth Towery,male,male,1955,Local-Reporting;-No-Edition-Time,Cuero (TX) Record,,no,Roland,,
Rollin Kirby,male,male,1922,Editorial-Cartooning,New York World,,no,Rollin,,
Ron Casey,male,male,1991,Editorial-Writing,The Birmingham (AL) News,,no,Ron,,
Ron Cortes,male,male,1997,Explanatory-Journalism,The Philadelphia Inquirer,,no,Ron,,
Ron Edmonds,male,male,1982,Spot-News-Photography,Associated Press,,no,Ron,,
Ron Olshwanger,male,male,1989,Spot-News-Photography,freelance photographer,,no,Ron,,
Ron Suskind,male,male,1995,Feature-Writing,The Wall Street Journal,,no,Ron,,
Ronald G. Callvert,male,male,1939,Editorial-Writing,The Oregonian,,no,Ronald,,
Ronald Kotulak,male,male,1994,Explanatory-Journalism,Chicago Tribune,,no,Ronald,,
Ronald Powers,male,male,1973,Criticism,Chicago Sun-Times,,no,Ronald,,
Ross A. Lewis,male,male,1935,Editorial-Cartooning,The Milwaukee Journal,,no,Ross,,
Ross Anderson,male,male,1990,National-Reporting,The Seattle Times,,no,Ross,,
Roy Gutman,male,male,1993,International-Reporting,Newsday,,no,Roy,,
Royce Brier,male,male,1934,Reporting,San Francisco Chronicle,,no,Royce,,
Royce Howes,male,male,1955,Editorial-Writing,Detroit Free Press,,no,Royce,,
Russell Baker,male,male,1979,Commentary,The New York Times,,no,Russell,,
Russell Carollo,male,male,1998,National-Reporting,Dayton Daily News,,no,Russell,,
Russell D. Owen,male,male,1930,Reporting,The New York Times,,no,Russell,,
Russell Jones,male,male,1957,International-Reporting,United Press,,no,Russell,,
Ryan Gabrielson,male,male,2009,Local-Reporting,East Valley Tribune,,no,Ryan,,
Sang-Hun Choe,male,male,2000,Investigative-Reporting,Associated Press,,no,Sang-Hun,,
Saul Pett,male,male,1982,Feature-Writing,Associated Press,,no,Saul,,
Scott Higham,male,male,2002,Investigative-Reporting,The Washington Post,,no,Scott,,
Scott Shaw,male,male,1988,Spot-News-Photography,Odessa (TX) American,,no,Scott,,
Sebastian Smee,male,male,2011,Criticism,The Boston Globe,,no,Sebastian,,
Serge Schmemann,male,male,1991,International-Reporting,The New York Times,,no,Serge,,
Seymour M. Hersh,male,male,1970,International-Reporting,Dispatch News Service,,no,Seymour,,
Slava Veder,male,male,1974,Feature-Photography,Associated Press,,no,Slava,,
Stan Grossfeld,male,male,1984,Spot-News-Photography,The Boston Globe,,no,Stan,,
Stanley Forman,male,male,1976,Spot-News-Photography,Boston Herald American,,no,Stanley,,
Stanley Penn,male,male,1967,National-Reporting,The Wall Street Journal,,no,Stanley,,
Stanton Delaplane,male,male,1942,Reporting,San Francisco Chronicle,,no,Stanton,,
Stephen A. Kurkjian,male,male,1972,Local-Investigative-Specialized-Reporting,The Boston Globe,,no,Stephen,,
Stephen Henderson,male,male,2014,Commentary,Detroit Free Press,,no,Stephen,,
Stephen Hunter,male,male,2003,Criticism,The Washington Post,,no,Stephen,,
Stephen P. Breen,male,male,1998,Editorial-Cartooning,Asbury Park Press,,no,Stephen,,
Stephen R. Benson,male,male,1993,Editorial-Cartooning,The Arizona Republic,,no,Stephen,,
Steve Berry,male,male,1993,Investigative-Reporting,Orlando (FL) Sentinel,,no,Steve,,
Steve Breen,male,male,2009,Editorial-Cartooning,The San Diego Union-Tribune,,no,Steve,,
Steve Coll,male,male,1990,Explanatory-Journalism,The Washington Post,,no,Steve,,
Steve Fainaru,male,male,2008,International-Reporting,The Washington Post,,no,Steve,,
Steve Sack,male,male,2013,Editorial-Cartooning,Star Tribune,,no,Steve,,
Steve Starr,male,male,1970,Spot-News-Photography,Associated Press,,no,Steve,,
Steve Twomey,male,male,1987,Feature-Writing,The Philadelphia Inquirer,,no,Steve,,
Steven Pearlstein,male,male,2008,Commentary,The Washington Post,,no,Steven,,
Sydney H. Schanberg,male,male,1976,International-Reporting,The New York Times,,no,Sydney,,
Taro M. Yamasaki,male,male,1981,Feature-Photography,Detroit Free Press,,no,Taro,,
the late Frank I. Cobb,male,male,1924,Editorial-Writing,New York World,,no,Frank,,
Thomas F. Darcy,male,male,1970,Editorial-Cartooning,Newsday,,no,Thomas,,
Thomas Fitzpatrick,male,male,1970,Local-General-or-Spot-News-Reporting,Chicago Sun-Times,,no,Thomas,,
Thomas French,male,male,1998,Feature-Writing,St. Petersburg (FL) Times,,no,Thomas,,
Thomas J. Hylton,male,male,1990,Editorial-Writing,The Pottstown (PA) Mercury,,no,Thomas,,
Thomas J. Kelly III,male,male,1979,Spot-News-Photography,The Pottstown (PA) Mercury,,no,Thomas,,
Thomas J. Knudson,male,male,1985,National-Reporting,Des Moines Register,,no,Thomas,,
Thomas Friedman,male,male,1988,International-Reporting,The New York Times,,no,Thomas,,
Thomas Lunsford Stokes,male,male,1939,Reporting,Scripps-Howard Newspaper Alliance,,no,Thomas,,
Thomas M. Burton,male,male,2004,Explanatory-Reporting,The Wall Street Journal,,no,Thomas,,
Thomas M. Storke,male,male,1962,Editorial-Writing,Santa Barbara (CA) News-Press,,no,Thomas,,
Thomas Powers,male,male,1971,National-Reporting,United Press Internationalcategory,,no,Thomas,,
Thomas Turcol,male,male,1985,General-News-Reporting,Virginian-Pilot and Ledger-Star,,no,Thomas,,
Tim Nickens,male,male,2013,Editorial-Writing,Tampa Bay Times,,no,Tim,,
Tim Page,male,male,1997,Criticism,The Washington Post,,no,Tim,,
Tim Weiner,male,male,1988,National-Reporting,The Philadelphia Inquirer,,no,Tim,,
Timothy Leland,male,male,1972,Local-Investigative-Specialized-Reporting,The Boston Globe,,no,Timothy,,
Tod Robberson,male,male,2010,Editorial-Writing,The Dallas Morning News,,no,Tod,,
Todd Heisler,male,male,2006,Feature-Photography,Rocky Mountain News,,no,Todd,,
Tom Gralish,male,male,1986,Feature-Photography,The Philadelphia Inquirer,,no,Tom,,
Tom Hallman Jr.,male,male,2001,Feature-Writing,The Oregonian,,no,Tom,,
Tom Little,male,male,1957,Editorial-Cartooning,Nashville Tennessean,,no,Tom,,
Tom Philp,male,male,2005,Editorial-Writing,The Sacramento Bee,,no,Tom,,
Tom Shales,male,male,1988,Criticism,The Washington Post,,no,Tom,,
Tom Toles,male,male,1990,Editorial-Cartooning,The Buffalo News,,no,Tom,,
Tony Auth,male,male,1976,Editorial-Cartooning,The Philadelphia Inquirer,,no,Tony,,
Tony Horwitz,male,male,1995,National-Reporting,The Wall Street Journal,,no,Tony,,
Toshio Sakai,male,male,1968,Feature-Photography,United Press Internationalcategory,,no,Toshio,,
Tyler Hicks,male,male,2014,Breaking-News-Photography,The New York Times,,no,Tyler,,
Vance Trimble,male,male,1960,National-Reporting,Scripps-Howard Newspaper Alliance,,no,Vance,,
Vaughn Shoemaker,male,male,1938,Editorial-Cartooning,Chicago Daily News,,no,Vaughn,,
Wallace Turner,male,male,1957,Local-Reporting;-No-Edition-Time,Portland Oregonian,,no,Wallace,,
Walt Bogdanich,male,male,2005,National-Reporting,The New York Times,,no,Walt,,
Walt Handelsman,male,male,2007,Editorial-Cartooning,Newsday,,no,Walt,,
Walter Duranty,male,male,1932,Correspondence,The New York Times,,no,Walter,,
Walter Kerr,male,male,1978,Criticism,The New York Times,,no,Walter,,
Walter Lippmann,male,male,1962,International-Reporting,New York Herald Tribune,,no,Walter,,
Walter M. Schau,male,male,1954,Photography,The Akron (OH) Beacon Journal,Associated Press,no,Walter,y,
Walter Mears,male,male,1977,National-Reporting,Associated Press,,no,Walter,,
Walter Wellesley (Red) Smith,male,male,1976,Commentary,The New York Times,,no,Walter,,
Warren L. Lerude,male,male,1977,Editorial-Writing,Reno (Nev.) Evening Gazette and Nevada State Journal,,no,Warren,,
Wendell Rawls Jr.,male,male,1977,Local-Investigative-Specialized-Reporting,The Philadelphia Inquirer,,no,Wendell,,
Wesley Morris,male,male,2012,Criticism,The Boston Globe,,no,Wesley,,
Wilfred C. Barber,male,male,1936,Correspondence,Chicago Tribune,,no,Wilfred,,
Will Englund,male,male,1998,Investigative-Reporting,The Baltimore Sun,,no,Will,,
Will Hobson,male,male,2014,Local-Reporting,Tampa Bay Times,,no,Will,,
William A. Caldwell,male,male,1971,Commentary,The Record,,no,William,,
William A. Henry III,male,male,1980,Criticism,The Boston Globe,,no,William,,
William Allen White,male,male,1923,Editorial-Writing,Emporia (KS) Gazette,,no,William,,
William Burke Miller,male,male,1926,Reporting,Louisville Courier-Journal,,no,William,,
William C. Beall,male,male,1958,Photography,Washington (DC) Daily News,,no,William,,
William Gaines,male,male,1988,Investigative-Reporting,Chicago Tribune,,no,William,,
William H. (Bill) Mauldin,male,male,1959,Editorial-Cartooning,St. Louis Post-Dispatch,,no,William,,
William H. Grimes,male,male,1947,Editorial-Writing,The Wall Street Journal,,no,William,,
William H. Taylor,male,male,1935,Reporting,New York Herald Tribune,,no,William,,
William Harry Fitzpatrick,male,male,1951,Editorial-Writing,New Orleans States,,no,William,,
William J. Dorvillier,male,male,1961,Editorial-Writing,San Juan (Puerto Rico) Star,,no,William,,
William J. Eaton,male,male,1970,National-Reporting,Chicago Daily News,,no,William,,
William Jones,male,male,1971,Local-Investigative-Specialized-Reporting,Chicago Tribune,,no,William,,
William K. Marimow,male,male,1985,Investigative-Reporting,The Philadelphia Inquirer,,no,William,,
William L. Laurence,male,male,1937,Reporting,The New York Times,,no,William,,note
William Lamber,male,male,1957,Local-Reporting;-No-Edition-Time,Portland Oregonian,,no,William,,
William Leonard Laurence,male,male,1946,Reporting,The New York Times,,no,William,,
William Longgood,male,male,1963,Local-Reporting;-Edition-Time,New York World-Telegram,,no,William,,
William M. Gallagher,male,male,1953,Photography,Flint (MI) Journal,,no,William,,
William McKenzie,male,male,2010,Editorial-Writing,The Dallas Morning News,,no,William,,
William McPherson,male,male,1977,Criticism,The Washington Post,,no,William,,
William Mullen,male,male,1975,International-Reporting,Chicago Tribune,,no,William,,
William R. Stall,male,male,2004,Editorial-Writing,Los Angeles Times,,no,William,,
William Randolph Hearst Jr.,male,male,1956,International-Reporting,International News Service,,no,William,,
William Raspberry,male,male,1994,Commentary,The Washington Post,,no,William,,
William Safire,male,male,1978,Commentary,The New York Times,,no,William,,
William Seaman,male,male,1959,Photography,Minneapolis Star,,no,William,,
William Sherman,male,male,1974,Local-Investigative-Specialized-Reporting,New York Daily News,,no,William,,
William Snyder,male,male,1993,Spot-News-Photography,The Dallas Morning News,,no,William,,
William Tuohy,male,male,1969,International-Reporting,Los Angeles Times,,no,William,,
William Wesley Waymack,male,male,1938,Editorial-Writing,Register and Tribune,,no,William,,
Yasushi Nagao,male,male,1961,Photography,Mainichi,,no,Yasushi,,
Zachary R. Mider,male,male,2015,Explanatory-Reporting,Bloomberg News,,no,Zachary,,