category,publication,publication2,name,year,organizational,first_name,gender,mutiple org,note
Public-Service,Utica (NY) Observer-Dispatch,Utica Daily Press,Utica (NY) Observer-Dispatch and Utica Daily Press,1959,yes,,,y,
Local-Reporting;-Edition-Time,Providence Journal and Evening Bulletin,,Editorial Staff,1953,yes,,,,
Public-Service,The Miami Herald,Brooklyn Eagle,Miami Herald and Brooklyn Eagle,1951,yes,,,y,
Feature-Photography,Louisville Courier-Journal,,Photographic Staff,1976,yes,,,,
Local-General-or-Spot-News-Reporting,Xenia (OH) Daily Gazette,,Staff,1975,yes,,,,
Public-Service,Winston-Salem (NC) Journal and Sentinel,,Winston-Salem (NC) Journal and Sentinel,1971,yes,,,,
Public-Service,"Whiteville News Reporter, Tabor City Tribune",,"Whiteville News Reporter, Tabor City Tribune",1953,yes,,,,
Public-Service,Watsonville (CA) Register-Pajaronian,,Watsonville (CA) Register-Pajaronian,1956,yes,,,,
Public-Service,Waterbury (CT) Republican & American,,Waterbury (CT) Republican & American,1940,yes,,,,
Public-Service,Washington (NC) Daily News,,Washington (NC) Daily News,1990,yes,,,,
Local-Reporting;-Edition-Time,Vicksburg (MS) Sunday Post-Herald,,Staff,1954,yes,,,,
Public-Service,The Washington Post,,The Washington Post,2014,yes,,,,
Public-Service,The Washington Post,,The Washington Post,2008,yes,,,,
Public-Service,The Washington Post,,The Washington Post,1999,yes,,,,
Public-Service,The Washington Post,,The Washington Post,1973,yes,,,,
Breaking-News-Reporting,The Washington Post,,Staff,2008,yes,,,,
National-Reporting,The Washington Post,,Staff,2002,yes,,,,
Public-Service,The Wall Street Journal,,The Wall Street Journal,2007,yes,,,,
Breaking-News-Reporting,The Wall Street Journal,,Staff,2002,yes,,,,
Explanatory-Reporting,The Wall Street Journal,,Staff,2003,yes,,,,
International-Reporting,The Wall Street Journal,,Staff,2007,yes,,,,
International-Reporting,The Wall Street Journal,,Staff,1999,yes,,,,
Investigative-Reporting,The Wall Street Journal,,Staff,2015,yes,,,,
National-Reporting,The Wall Street Journal,,Staff,2000,yes,,,,
National-Reporting,The Wall Street Journal,,Staff,1997,yes,,,,
Public-Service,The Virgin Islands Daily News,,The Virgin Islands Daily News,1995,yes,,,,
Breaking-News-Reporting,The Tuscaloosa (Ala.) News,,Staff,2012,yes,,,,
Spot-News-Photography,The Tribune,,Photo Staff,1990,yes,,,,
Public-Service,The Times-Picayune,,The Times-Picayune,2006,yes,,,,
Public-Service,The Times-Picayune,,The Times-Picayune,1997,yes,,,,
Breaking-News-Reporting,The Times-Picayune,,Staff,2006,yes,,,,
Local-Investigative-Specialized-Reporting,The Sun Newspapers of Omaha,,Staff,1973,yes,,,,
Breaking-News-Reporting,The Star-Ledger,,Staff,2005,yes,,,,
Breaking-News-Reporting,The Seattle Times,,Staff,2015,yes,,,,
Breaking-News-Reporting,The Seattle Times,,Staff,2010,yes,,,,
Public-Service,The Scranton Times,,The Scranton Times,1946,yes,,,,
Public-Service,The Sacramento (CA) Bee,,The Sacramento (CA) Bee,1992,yes,,,,
Public-Service,The Sacramento (CA) Bee,,The Sacramento (CA) Bee,1935,yes,,,,
Spot-News-Photography,The Register,,Photography Staff,1985,yes,,,,
Public-Service,The Post and Courier,,The Post and Courier,2015,yes,,,,
Public-Service,The Pittsburgh Press,,The Pittsburgh Press,1987,yes,,,,
Public-Service,The Philadelphia Inquirer,,The Philadelphia Inquirer,2012,yes,,,,
Public-Service,The Philadelphia Inquirer,,The Philadelphia Inquirer,1978,yes,,,,
Local-General-or-Spot-News-Reporting,The Philadelphia Inquirer,,Staff,1980,yes,,,,
Public-Service,The Philadelphia Inquirer,,Staff,1990,yes,,,,
Local-Reporting,The Patriot-News,,Staff,2012,yes,,,,
Public-Service,The Oregonian,,The Oregonian,2001,yes,,,,
Breaking-News-Reporting,The Oregonian,,Staff,2007,yes,,,,
Editorial-Writing,The Oregonian,,Editorial Staff,2014,yes,,,,
Investigative-Reporting,The Orange County Register,,Staff,1996,yes,,,,
Public-Service,The New York Times,,The New York Times,2002,yes,,,,
Public-Service,The New York Times,,The New York Times,1972,yes,,,,
Public-Service,The New York Times,,The New York Times,1944,yes,,,,
Public-Service,The New York Times,,The New York Times,1918,yes,,,,
Explanatory-Reporting,The New York Times,,staff,2010,yes,,,,
Breaking-News-Photography,The New York Times,,Staff,2002,yes,,,,
Breaking-News-Reporting,The New York Times,,Staff,2009,yes,,,,
Explanatory-Journalism,The New York Times,,Staff,1986,yes,,,,
Explanatory-Reporting,The New York Times,,Staff,2013,yes,,,,
Explanatory-Reporting,The New York Times,,Staff,2002,yes,,,,
Feature-Photography,The New York Times,,Staff,2002,yes,,,,
International-Reporting,The New York Times,,Staff,2015,yes,,,,
International-Reporting,The New York Times,,Staff,2009,yes,,,,
International-Reporting,The New York Times,,Staff,1998,yes,,,,
International-Reporting,The New York Times,,Staff,1958,yes,,,,
National-Reporting,The New York Times,,Staff,2010,yes,,,,
National-Reporting,The New York Times,,Staff,2001,yes,,,,
National-Reporting,The New York Times,,Staff,1999,yes,,,,
National-Reporting,The New York Times,,Staff,1987,yes,,,,
Spot-News-Reporting,The New York Times,,Staff,1994,yes,,,,
Public-Service,The Milwaukee Journal,,The Milwaukee Journal,1919,yes,,,,
Public-Service,The Miami Herald,,The Miami Herald,1993,yes,,,,
Breaking-News-Reporting,The Miami Herald,,Staff,2001,yes,,,,
Investigative-Reporting,The Miami Herald,,Staff,1999,yes,,,,
Spot-News-Reporting,The Miami Herald,,Staff,1991,yes,,,,
Editorial-Writing,The Miami Herald,,Miami Herald Editorial Board,1983,yes,,,,
Public-Service,The Indianapolis Times,,The Indianapolis Times,1928,yes,,,,
Public-Service,The Guardian US,,The Guardian US,2014,yes,,,,
Breaking-News-Reporting,The Eagle-Tribune,,Staff,2003,yes,,,,
Public-Service,The Detroit News,,The Detroit News,1982,yes,,,,
Public-Service,The Denver Post,,The Denver Post,1986,yes,,,,
Breaking-News-Reporting,The Denver Post,,Staff,2013,yes,,,,
Breaking-News-Reporting,The Denver Post,,Staff,2000,yes,,,,
Breaking-News-Photography,The Dallas Morning News,,Staff,2006,yes,,,,
Public-Service,The Charlotte Observer,,The Charlotte Observer,1988,yes,,,,
Public-Service,The Boston Post,,The Boston Post,1921,yes,,,,
Editorial-Writing,The Boston Herald,,The Boston Herald,1924,yes,,,,
Public-Service,The Boston Globe,,The Boston Globe,2003,yes,,,,
Public-Service,The Boston Globe,,The Boston Globe,1975,yes,,,,
Public-Service,The Boston Globe,,The Boston Globe,1966,yes,,,,
Breaking-News-Reporting,The Boston Globe,,Staff,2014,yes,,,,
National-Reporting,The Boston Globe,,Staff,1983,yes,,,,
Public-Service,The Atlanta Constitution,,The Atlanta Constitution,1931,yes,,,,
General-News-Reporting,The Alabama Journal,,Staff,1988,yes,,,,
Public-Service,Sun Sentinel,,Sun Sentinel,2013,yes,,,,
Public-Service,Sun Herald,,Sun Herald,2006,yes,,,,
National-Reporting,St. Petersburg (FL) Times,,Staff,2009,yes,,,,
Public-Service,St. Petersburg (FL) Times,,St. Petersburg (FL) Times,1964,yes,,,,
Breaking-News-Photography,St. Louis Post-Dispatch,,Staff,2015,yes,,,,
Public-Service,St. Louis Post-Dispatch,,St. Louis Post-Dispatch,1952,yes,,,,
Public-Service,St. Louis Post-Dispatch,,St. Louis Post-Dispatch,1948,yes,,,,
Public-Service,St. Louis Post-Dispatch,,St. Louis Post-Dispatch,1941,yes,,,,
Public-Service,St. Louis Post-Dispatch,,St. Louis Post-Dispatch,1937,yes,,,,
General-News-Reporting,San Jose (CA) Mercury News,,Staff,1990,yes,,,,
Local-General-or-Spot-News-Reporting,San Diego (CA) Evening Tribune,,Staff,1979,yes,,,,
Local-Reporting;-Edition-Time,Salt Lake (UT) Tribune,,Staff,1957,yes,,,,
Breaking-News-Photography,Rocky Mountain News,,Photography Staff,2003,yes,,,,
Breaking-News-Photography,Rocky Mountain News,,Photo Staff,2000,yes,,,,
Public-Service,Riverside (CA) Press-Enterprise,,Riverside (CA) Press-Enterprise,1968,yes,,,,
Investigative-Reporting,Providence Journal and Evening Bulletin,,Staff,1994,yes,,,,
Public-Service,Point Reyes Light,,Point Reyes Light,1979,yes,,,,
Public-Service,Panama City (FL) News-Herald,,Panama City (FL) News-Herald,1962,yes,,,,
Public-Service,Omaha (NE) World-Herald,,Omaha (NE) World-Herald,1943,yes,,,,
Spot-News-Reporting,Newsday,,Staff,1997,yes,,,,
Spot-News-Reporting,Newsday,,Staff,1992,yes,,,,
Local-General-or-Spot-News-Reporting,Newsday,,Newsday team of reporters,1984,yes,,,,
Public-Service,Newsday,,Newsday,1974,yes,,,,
Public-Service,Newsday,,Newsday,1970,yes,,,,
Public-Service,Newsday,,Newsday,1954,yes,,,,
Public-Service,New York World-Telegram,,New York World-Telegram,1933,yes,,,,
Public-Service,New York World,,New York World,1924,yes,,,,
Public-Service,New York World,,New York World,1922,yes,,,,
Editorial-Writing,New York Tribune,,New York Tribune,1917,yes,,,,
Public-Service,New York Evening World,,New York Evening World,1929,yes,,,,
Photography,New York Daily News,,Staff,1956,yes,,,,
Public-Service,Nebraska State Journal,,Nebraska State Journal,1949,yes,,,,
Public-Service,The Milwaukee Journal,,Milwaukee Journal,1967,yes,,,,
National-Reporting,The Miami Herald,,Staff,1987,yes,,,,
Public-Service,Miami Daily News,,Miami Daily News,1939,yes,,,,
Public-Service,Memphis Commercial Appeal,,Memphis Commercial Appeal,1923,yes,,,,
Public-Service,Medford (OR) Mail Tribune,,Medford (OR) Mail Tribune,1934,yes,,,,
Public-Service,Lufkin (TX) News,,Lufkin (TX) News,1977,yes,,,,
General-News-Reporting,Louisville Courier-Journal,,Staff,1989,yes,,,,
Public-Service,Louisville Courier-Journal,,Staff,1967,yes,,,,
Editorial-Writing,Louisville Courier-Journal,,Louisville Courier Journal,1918,yes,,,,
Breaking-News-Reporting,Los Angeles Times,,Staff,2004,yes,,,,
Breaking-News-Reporting,Los Angeles Times,,Staff,1998,yes,,,,
Local-General-or-Spot-News-Reporting,Los Angeles Times,,Staff,1966,yes,,,,
National-Reporting,Los Angeles Times,,Staff,2004,yes,,,,
Spot-News-Reporting,Los Angeles Times,,Staff,1995,yes,,,,
Spot-News-Reporting,Los Angeles Times,,Staff,1993,yes,,,,
Public-Service,Los Angeles Times,,Los Angeles Times,2011,yes,,,,
Public-Service,Los Angeles Times,,Los Angeles Times,2005,yes,,,,
Public-Service,Los Angeles Times,,Los Angeles Times,1984,yes,,,,
Public-Service,Los Angeles Times,,Los Angeles Times,1969,yes,,,,
Public-Service,Los Angeles Times,,Los Angeles Times,1960,yes,,,,
Public-Service,Los Angeles Times,,Los Angeles Times,1942,yes,,,,
Local-General-or-Spot-News-Reporting,Longview (WA) Daily News,,Staff,1981,yes,,,,
General-News-Reporting,Lawrence (MA) Eagle-Tribune,,Staff,1988,yes,,,,
Local-General-or-Spot-News-Reporting,The Kansas City Star,,Staff,1982,yes,,,,
Editorial-Writing,Kansas City (MO) Star,,Kansas City (MO) Star,1933,yes,,,,
Public-Service,Jackson (MS) Clarion-Ledger,,Jackson (MS) Clarion-Ledger,1983,yes,,,,
Local-Investigative-Specialized-Reporting,The Indianapolis Star,,Staff,1975,yes,,,,
Public-Service,Indianapolis News,,Indianapolis News,1932,yes,,,,
Public-Service,Hutchinson (KS) News,,Hutchinson (KS) News,1965,yes,,,,
Breaking-News-Reporting,Hartford (CT) Courant,,Staff,1999,yes,,,,
Public-Service,Grand Forks (ND) Herald,,Grand Forks (ND) Herald,1998,yes,,,,
Public-Service,Gannett News Service,,Gannett News Service,1980,yes,,,,
Public-Service,Fort Worth (TX) Star-Telegram,,Fort Worth (TX) Star-Telegram,1985,yes,,,,
Local-General-or-Spot-News-Reporting,Fort Wayne (IN) News-Sentinel,,Editorial Staff,1983,yes,,,,
Local-Reporting;-Edition-Time,Fargo (ND) Forum,,Staff,1958,yes,,,,
Local-General-or-Spot-News-Reporting,Detroit Free Press,,Staff,1968,yes,,,,
Local-Reporting,Detroit Free Press,,Staff,2009,yes,,,,
Public-Service,Detroit Free Press,,Detroit Free Press,1945,yes,,,,
Public-Service,Des Moines Register,,Des Moines Register,1991,yes,,,,
Editorial-Writing,Daily News,,Editorial Board,1999,yes,,,,
Public-Service,Columbus (GA) Ledger and Sunday Ledger-Enquirer,,Columbus (GA) Ledger and Sunday Ledger-Enquirer,1955,yes,,,,
Public-Service,Columbus (GA) Enquirer Sun,,Columbus (GA) Enquirer Sun,1926,yes,,,,
Explanatory-Reporting,Chicago Tribune,,Staff,2001,yes,,,,
Investigative-Reporting,Chicago Tribune,,Staff,2008,yes,,,,
Local-General-or-Spot-News-Reporting,Chicago Tribune,,Staff,1973,yes,,,,
Local-Investigative-Specialized-Reporting,Chicago Tribune,,Staff,1976,yes,,,,
Public-Service,Chicago Daily News and St. Louis Post-Dispatch,,Chicago Daily News and St. Louis Post-Dispatch,1950,yes,,,,
Public-Service,Chicago Daily News,,Chicago Daily News,1963,yes,,,,
Public-Service,Chicago Daily News,,Chicago Daily News,1957,yes,,,,
Public-Service,Charlotte (NC) Observer,,Charlotte (NC) Observer,1981,yes,,,,
Editorial-Writing,Charleston (SC) News and Courier,,Charleston (SC) News and Courier,1925,yes,,,,
Public-Service,Cedar Rapids Gazette,,Cedar Rapids Gazette,1936,yes,,,,
Public-Service,Canton (Ohio) Daily News,,Canton (Ohio) Daily News,1927,yes,,,,
Public-Service,Bristol (VA) Herald Courier,,Bristol (VA) Herald Courier,2010,yes,,,,
Feature-Photography,Boston Herald American,,Staff Photographers,1979,yes,,,,
Public-Service,Bismarck (ND) Tribune,,Bismarck (ND) Tribune,1938,yes,,,,
Public-Service,The Baltimore Sun,,Baltimore Sun,1947,yes,,,,
Breaking-News-Photography,Associated Press,,Staff,2005,yes,,,,
Feature-Photography,Associated Press,,Staff,1995,yes,,,,
Feature-Photography,Associated Press,,Staff,1993,yes,,,,
Spot-News-Photography,Associated Press,,Staff,1992,yes,,,,
Feature-Photography,Associated Press,,Photo Staff,1999,yes,,,,
Spot-News-Photography,Associated Press,,Photo Staff,1999,yes,,,,
Public-Service,Arkansas Gazette,,Arkansas Gazette,1958,yes,,,,
Public-Service,Anchorage Daily News,,Anchorage Daily News,1989,yes,,,,
Public-Service,Anchorage Daily News,,Anchorage Daily News,1976,yes,,,,
Public-Service,Amarillo (TX) Globe-Times,,Amarillo (TX) Globe-Times,1961,yes,,,,
General-News-Reporting,Akron Beacon Journal,,Staff,1987,yes,,,,
Public-Service,Akron Beacon Journal,,Akron Beacon Journal,1994,yes,,,,
Local-General-or-Spot-News-Reporting,Akron Beacon Journal,,Staff,1971,yes,,,,
Editorial-Writing,No Award,,No award,2012,none,,,,
Editorial-Writing,No Award,,No award,2008,none,,,,
Feature-Writing,No Award,,No award,2014,none,,,,
Feature-Writing,No Award,,No award,2004,none,,,,
Breaking-News-Reporting,No Award,,No Award,2011,none,,,,
Criticism,No Award,,No Award,1992,none,,,,
Editorial-Cartooning,No Award,,No Award,1973,none,,,,
Editorial-Cartooning,No Award,,No Award,1965,none,,,,
Editorial-Cartooning,No Award,,No Award,1960,none,,,,
Editorial-Cartooning,No Award,,No Award,1936,none,,,,
Editorial-Cartooning,No Award,,No Award,1923,none,,,,
Editorial-Writing,No Award,,No Award,1993,none,,,,
Editorial-Writing,No Award,,No Award,1981,none,,,,
Editorial-Writing,No Award,,No Award,1935,none,,,,
Editorial-Writing,No Award,,No Award,1932,none,,,,
Editorial-Writing,No Award,,No Award,1930,none,,,,
Editorial-Writing,No Award,,No Award,1921,none,,,,
Editorial-Writing,No Award,,No Award,1919,none,,,,
International-Reporting,No Award,,No Award,1977,none,,,,
National-Reporting,No Award,,No Award,1951,none,,,,
Photography,No Award,,No Award,1946,none,,,,
Public-Service,No Award,,No Award,1930,none,,,,
Public-Service,No Award,,No Award,1925,none,,,,
Public-Service,No Award,,No Award,1920,none,,,,
Public-Service,No Award,,No Award,1917,none,,,,
Reporting,No Award,,No Award,1928,none,,,,
Reporting,No Award,,No Award,1919,none,,,,
Telegraphic-Reporting-(National),No Award,,No Award,1943,none,,,,
Photography,The Akron (OH) Beacon Journal,Associated Press,Walter M. Schau,1954,no,Walter,male,y,
National-Reporting,Des Moines Register,Minneapolis Tribune,Nathan K. (Nick) Kotz,1968,no,Nathan,male,y,
International-Reporting,Associated Press,The New York Times,Malcolm W. Browne,1964,no,Malcolm,male,y,
International-Reporting,Associated Press,The New York Times,David Halberstam,1964,no,David,male,y,
Editorial-Cartooning,The Washington Post,Times-Herald,Herbert L. Block (Herblock),1954,no,Herbert,male,y,
International-Reporting,Associated Press,,Don Whitehead,1951,no,Don,male,,note
International-Reporting,Chicago Daily News,,Keyes Beech,1951,no,Keyes,male,,note
International-Reporting,New York Herald Tribune,,Homer Bigart,1951,no,Homer,male,,note
International-Reporting,New York Herald Tribune,,Marguerite Higgins,1951,no,Marguerite,female,,note
International-Reporting,AP,,Relman Morin,1951,no,Relman,male,,note
International-Reporting,Chicago Daily News,,Fred Sparks,1951,no,Fred,male,,note
Reporting,The New York Times,,William L. Laurence,1937,no,William,male,,note
Reporting,New York Herald Tribune,,John J. O'Neill,1937,no,John,male,,note
Reporting,AP,,Howard W. Blakeslee,1937,no,Howard,male,,note
Reporting,Universal Service,,Gobind Behari Lal,1937,no,Gobind,male,,note
Reporting,Scripps-Howard,,David Dietz,1937,no,David,male,,note
Investigative-Reporting,Willamette Week,,Nigel Jaquiss,2005,no,Nigel,male,,
National-Reporting,Washington Star-News,,James R. Polk,1974,no,James,male,,
Editorial-Writing,Washington Post and Scripps-Howard Newspapers,,George B. Parker,1936,no,George,male,,
Editorial-Writing,Washington Post and Scripps-Howard Newspapers,,Felix Morley,1936,no,Felix,male,,
National-Reporting,Washington Evening Star,,Haynes Johnson,1966,no,Haynes,andy,,
Editorial-Cartooning,Washington Daily News,,H. M. Talburt,1933,no,H.,andy,,
National-Reporting,Washington Daily News,,Anthony Lewis,1955,no,Anthony,male,,
Photography,Washington (DC) Daily News,,William C. Beall,1958,no,William,male,,
General-News-Reporting,Virginian-Pilot and Ledger-Star,,Thomas Turcol,1985,no,Thomas,male,,
Spot-News-Photography,Valley Daily News and Daily Dispatch,,John Paul Filo,1971,no,John,male,,
Editorial-Cartooning,Universal Press Syndicate,,Garry Trudeau,1975,no,Garry,male,,
Feature-Photography,United Press Internationalcategory,,Toshio Sakai,1968,no,Toshio,male,,
National-Reporting,United Press Internationalcategory,,Thomas Powers,1971,no,Thomas,male,,
National-Reporting,United Press Internationalcategory,,Merriman Smith,1964,no,Merriman,andy,,
National-Reporting,United Press Internationalcategory,,Lucinda Franks,1971,no,Lucinda,female,,
Photography,United Press Internationalcategory,,Kyoichi Sawada,1966,no,Kyoichi,male,,
Spot-News-Photography,United Press Internationalcategory,,John H. Blair,1978,no,John,male,,
Feature-Photography,United Press Internationalcategory,,Dave Kennerly,1972,no,Dave,male,,
Photography,United Press Internationalcategory,,Andrew Lopez,1960,no,Andrew,male,,
International-Reporting,United Press,,Russell Jones,1957,no,Russell,male,,
Editorial-Cartooning,"United Feature Syndicate, Inc.",,Sergeant Bill Mauldin,1945,no,Sergeant,andy,,
Editorial-Writing,Tuscaloosa (AL) News,,Buford Boone,1957,no,Buford,male,,
Editorial-Cartooning,Tribune Media Services,,Ann Telnaes,2001,no,Ann,female,,
Feature-Photography,Topeka Capital-Journal,,Brian Lanker,1973,no,Brian,male,,
Editorial-Cartooning,The Times-Picayune,,Walt Handelsman,1997,no,Walt,male,,
Photography,The World-Herald,,Earle L. Bunker,1944,no,Earle,male,,
Commentary,The Washington Star,,Mary McGrory,1975,no,Mary,mostly_female,,
Criticism,The Washington Star,,Jonathan Yardley,1981,no,Jonathan,male,,
Editorial-Writing,The Washington Star,,Edwin M. Yoder Jr.,1979,no,Edwin,male,,
Commentary,The Washington Post,,George F. Will,1977,no,George,male,,
Commentary,The Washington Post,,Charles Krauthammer,1987,no,Charles,male,,
Editorial-Cartooning,The Washington Post,,Berke Breathed,1987,no,Berke,male,,
Commentary,The Washington Post,,William Raspberry,1994,no,William,male,,
Criticism,The Washington Post,,William McPherson,1977,no,William,male,,
Criticism,The Washington Post,,Tom Shales,1988,no,Tom,male,,
Criticism,The Washington Post,,Tim Page,1997,no,Tim,male,,
Investigative-Reporting,The Washington Post,,Susan Schmidt,2006,no,Susan,female,,
Commentary,The Washington Post,,Steven Pearlstein,2008,no,Steven,male,,
International-Reporting,The Washington Post,,Steve Fainaru,2008,no,Steve,male,,
Explanatory-Journalism,The Washington Post,,Steve Coll,1990,no,Steve,male,,
Criticism,The Washington Post,,Stephen Hunter,2003,no,Stephen,male,,
Investigative-Reporting,The Washington Post,,Scott Higham,2002,no,Scott,male,,
Investigative-Reporting,The Washington Post,,Sari Horwitz,2002,no,Sari,female,,
Criticism,The Washington Post,,Sarah Kaufman,2010,no,Sarah,female,,
Investigative-Reporting,The Washington Post,,Sarah Cohen,2002,no,Sarah,female,,
Criticism,The Washington Post,,Robin Givhan,2006,no,Robin,mostly_male,,
Breaking-News-Photography,The Washington Post,,Ricky Carioti,2011,no,Ricky,male,,
Investigative-Reporting,The Washington Post,,R. Jeffrey Smith,2006,no,R.,andy,,
Editorial-Writing,The Washington Post,,Philip L. Geyelin,1970,no,Philip,male,,
Criticism,The Washington Post,,Philip Kennicott,2013,no,Philip,male,,
Breaking-News-Photography,The Washington Post,,Nikki Kahn,2011,no,Nikki,female,,
Feature-Photography,The Washington Post,,Michael Williamson,2000,no,Michael,male,,
Criticism,The Washington Post,,Michael Dirda,1993,no,Michael,male,,
Editorial-Writing,The Washington Post,,Meg Greenfield,1978,no,Meg,female,,
Feature-Photography,The Washington Post,,Matthew Lewis,1975,no,Matthew,male,,
International-Reporting,The Washington Post,,Mary Jordan,2003,no,Mary,mostly_female,,
Explanatory-Journalism,The Washington Post,,Lucian Perkins,1995,no,Lucian,male,,
Feature-Photography,The Washington Post,,Lucian Perkins,2000,no,Lucian,male,,
Local-Investigative-Specialized-Reporting,The Washington Post,,Loretta Tofani,1983,no,Loretta,female,,
Explanatory-Journalism,The Washington Post,,Leon Dash,1995,no,Leon,male,,
International-Reporting,The Washington Post,,Kevin Sullivan,2003,no,Kevin,male,,
Commentary,The Washington Post,,Kathleen Parker,2010,no,Kathleen,female,,
Public-Service,The Washington Post,,Katherine Boo,2000,no,Katherine,female,,
National-Reporting,The Washington Post,,Jo Becker,2008,no,Jo,andy,,
International-Reporting,The Washington Post,,Jimmie Lee Hoagland,1971,no,Jimmie,mostly_male,,
Commentary,The Washington Post,,Jim Hoagland,1991,no,Jim,male,,
Investigative-Reporting,The Washington Post,,James V. Grimaldi,2006,no,James,male,,
Editorial-Cartooning,The Washington Post,,Herbert L. Block,1979,no,Herbert,male,,
Editorial-Writing,The Washington Post,,Herbert Elliston,1949,no,Herbert,male,,
Criticism,The Washington Post,,Henry Allen,2000,no,Henry,male,,
International-Reporting,The Washington Post,,Glenn Frankel,1989,no,Glenn,male,,
Feature-Writing,The Washington Post,,George Lardner Jr.,1993,no,George,male,,
Feature-Writing,The Washington Post,,Gene Weingarten,2010,no,Gene,mostly_male,,
Feature-Writing,The Washington Post,,Gene Weingarten,2008,no,Gene,mostly_male,,
Commentary,The Washington Post,,Eugene Robinson,2009,no,Eugene,male,,
Explanatory-Reporting,The Washington Post,,Eli Saslow,2014,no,Eli,female,,
Telegraphic-Reporting-(National),The Washington Post,,Edward T. Folliard,1947,no,Edward,male,,
Commentary,The Washington Post,,David S. Broder,1973,no,David,male,,
National-Reporting,The Washington Post,,David Maraniss,1993,no,David,male,,
Explanatory-Reporting,The Washington Post,,David Finkel,2006,no,David,male,,
Explanatory-Journalism,The Washington Post,,David A. Vise,1990,no,David,male,,
Beat-Reporting,The Washington Post,,Dana Priest,2006,no,Dana,female,,
Commentary,The Washington Post,,Colbert I. King,2003,no,Colbert,male,,
International-Reporting,The Washington Post,,Caryle Murphy,1991,no,Caryle,andy,,
Breaking-News-Photography,The Washington Post,,Carol Guzy,2011,no,Carol,mostly_female,,
Feature-Photography,The Washington Post,,Carol Guzy,2000,no,Carol,mostly_female,,
Spot-News-Photography,The Washington Post,,Carol Guzy,1995,no,Carol,mostly_female,,
National-Reporting,The Washington Post,,Carol D. Leonnig,2015,no,Carol,mostly_female,,
National-Reporting,The Washington Post,,Barton Gellman,2008,no,Barton,male,,
International-Reporting,The Washington Post,,Anthony Shadid,2010,no,Anthony,male,,
International-Reporting,The Washington Post,,Anthony Shadid,2004,no,Anthony,male,,
International-Reporting,The Washington Post,,Alfred Friendly,1968,no,Alfred,male,,
Criticism,The Washington Post,,Alan M. Kriegsman,1976,no,Alan,male,,
Editorial-Writing,The Wall Street Journal,,William H. Grimes,1947,no,William,male,,
Specialized-Reporting,The Wall Street Journal,,Walt Bogdanich,1988,no,Walt,male,,
Commentary,The Wall Street Journal,,Vermont Royster,1984,no,Vermont,andy,,
Editorial-Writing,The Wall Street Journal,,Vermont Connecticut Royster,1953,no,Vermont,andy,,
National-Reporting,The Wall Street Journal,,Tony Horwitz,1995,no,Tony,male,,
Explanatory-Reporting,The Wall Street Journal,,Thomas M. Burton,2004,no,Thomas,male,,
Explanatory-Journalism,The Wall Street Journal,,Susan C. Faludi,1991,no,Susan,female,,
National-Reporting,The Wall Street Journal,,Stanley Penn,1967,no,Stanley,male,,
Feature-Writing,The Wall Street Journal,,Ron Suskind,1995,no,Ron,male,,
Editorial-Writing,The Wall Street Journal,,Robert L. Bartley,1980,no,Robert,male,,
International-Reporting,The Wall Street Journal,,Peter R. Kann,1972,no,Peter,male,,
Beat-Reporting,The Wall Street Journal,,Paul Ingrassia,1993,no,Paul,male,,
Commentary,The Wall Street Journal,,Paul A. Gigot,2000,no,Paul,male,,
Local-General-or-Spot-News-Reporting,The Wall Street Journal,,Norman C. Miller,1964,no,Norman,male,,
National-Reporting,The Wall Street Journal,,Monroe Karmin,1967,no,Monroe,male,,
Criticism,The Wall Street Journal,,Manuela Hoelterhoff,1983,no,Manuela,female,,
National-Reporting,The Wall Street Journal,,Louis M. Kohlmeier,1965,no,Louis,male,,
Explanatory-Reporting,The Wall Street Journal,,Kevin Helliker,2004,no,Kevin,male,,
International-Reporting,The Wall Street Journal,,Karen Elliott House,1984,no,Karen,female,,
Editorial-Writing,The Wall Street Journal,,Joseph Rago,2011,no,Joseph,male,,
Beat-Reporting,The Wall Street Journal,,Joseph B. White,1993,no,Joseph,male,,
Criticism,The Wall Street Journal,,Joe Morgenstern,2005,no,Joe,male,,
Explanatory-Journalism,The Wall Street Journal,,James B. Stewart,1988,no,James,male,,
International-Reporting,The Wall Street Journal,,Ian Johnson,2001,no,Ian,male,,
National-Reporting,The Wall Street Journal,,Edward R. Cony,1961,no,Edward,male,,
Commentary,The Wall Street Journal,,Dorothy Rabinowitz,2001,no,Dorothy,female,,
Explanatory-Journalism,The Wall Street Journal,,Daniel Hertzberg,1988,no,Daniel,male,,
Beat-Reporting,The Wall Street Journal,,Daniel Golden,2004,no,Daniel,male,,
Commentary,The Wall Street Journal,,Bret Stephens,2013,no,Bret,male,,
Feature-Writing,The Wall Street Journal,,Angelo B. Henderson,1999,no,Angelo,male,,
Beat-Reporting,The Wall Street Journal,,Amy Dockser Marcus,2005,no,Amy,female,,
National-Reporting,The Wall Street Journal,,Alix M. Freedman,1996,no,Alix,mostly_female,,
Feature-Writing,The Village Voice,,Teresa Carpenter,1981,no,Teresa,female,,
International-Reporting,The Village Voice,,Mark Schoofs,2000,no,Mark,male,,
Editorial-Cartooning,The Village Voice,,Jules Feiffer,1986,no,Jules,male,,
Editorial-Writing,The Tribune,,Jonathan Freedman,1987,no,Jonathan,male,,
Editorial-Writing,The Trentonian,,F. Gilman Spencer,1974,no,F.,andy,,
Spot-News-Photography,The Toronto Star,,Paul Watson,1994,no,Paul,male,,
Feature-Writing,The Stranger,,Eli Sanders,2012,no,Eli,female,,
Feature-Photography,The Star-Ledger,,Matt Rainey,2001,no,Matt,male,,
Feature-Writing,The Star-Ledger,,Amy Ellis Nutt,2011,no,Amy,female,,
Local-Investigative-Specialized-Reporting,The Stamford (CT) Advocate,,Anthony R. Dolan,1978,no,Anthony,male,,
Editorial-Writing,St. Petersburg (FL) Times,,Jeffrey Good,1995,no,Jeffrey,male,,
National-Reporting,The Seattle Times,,Ross Anderson,1990,no,Ross,male,,
Feature-Writing,The Seattle Times,,Peter Mark Rinearson,1984,no,Peter,male,,
Local-Investigative-Specialized-Reporting,The Seattle Times,,Paul Henderson,1982,no,Paul,male,,
Investigative-Reporting,The Seattle Times,,Michael J. Berens,2012,no,Michael,male,,
National-Reporting,The Seattle Times,,Mary Ann Gwinn,1990,no,Mary,mostly_female,,
Investigative-Reporting,The Seattle Times,,Ken Armstrong,2012,no,Ken,male,,
Spot-News-Photography,The Seattle Times,,Gerald H. Gay,1975,no,Gerald,male,,
Investigative-Reporting,The Seattle Times,,Eric Nalder,1997,no,Eric,male,,
National-Reporting,The Seattle Times,,Eric Nalder,1990,no,Eric,male,,
National-Reporting,The Seattle Times,,Edwin O. Guthman,1950,no,Edwin,male,,
Investigative-Reporting,The Seattle Times,,Deborah Nelson,1997,no,Deborah,female,,
Beat-Reporting,The Seattle Times,,Byron Acohido,1997,no,Byron,male,,
National-Reporting,The Seattle Times,,Bill Dietrich,1990,no,Bill,male,,
Investigative-Reporting,The Seattle Times,,Alex Tizon,1997,no,Alex,male,,
Editorial-Cartooning,The Seattle Post-Intelligencer,,David Horsey,2003,no,David,male,,
Editorial-Cartooning,The Seattle Post-Intelligencer,,David Horsey,1999,no,David,male,,
Editorial-Cartooning,The San Diego Union-Tribune,,Steve Breen,2009,no,Steve,male,,
Editorial-Writing,The Sacramento Bee,,Tom Philp,2005,no,Tom,male,,
Feature-Photography,The Sacramento Bee,,Ren_e C. Byer,2007,no,Ren_e,andy,,
Beat-Reporting,The Sacramento (CA) Bee,,Deborah Blum,1992,no,Deborah,female,,
Editorial-Writing,The Riverdale (NY) Press,,Bernard L. Stein,1998,no,Bernard,male,,
Commentary,The Record,,William A. Caldwell,1971,no,William,male,,
Editorial-Writing,The Providence Journal-Bulletin,,George W. Potter,1945,no,George,male,,
Spot-News-Photography,The Press Democrat,,Annie Wells,1997,no,Annie,female,,
Editorial-Writing,The Pottstown (PA) Mercury,,Thomas J. Hylton,1990,no,Thomas,male,,
Editorial-Writing,The Post-Star,,Mark Mahoney,2009,no,Mark,male,,
Commentary,The Plain Dealer,,Connie Schultz,2005,no,Connie,mostly_female,,
Investigative-Reporting,The Philadelphia Inquirer,,William K. Marimow,1985,no,William,male,,
Local-Investigative-Specialized-Reporting,The Philadelphia Inquirer,,Wendell Rawls Jr.,1977,no,Wendell,male,,
Editorial-Cartooning,The Philadelphia Inquirer,,Tony Auth,1976,no,Tony,male,,
Feature-Photography,The Philadelphia Inquirer,,Tom Gralish,1986,no,Tom,male,,
National-Reporting,The Philadelphia Inquirer,,Tim Weiner,1988,no,Tim,male,,
Feature-Writing,The Philadelphia Inquirer,,Steve Twomey,1987,no,Steve,male,,
Explanatory-Journalism,The Philadelphia Inquirer,,Ron Cortes,1997,no,Ron,male,,
International-Reporting,The Philadelphia Inquirer,,Richard Ben Cramer,1979,no,Richard,male,,
Explanatory-Journalism,The Philadelphia Inquirer,,Michael Vitez,1997,no,Michael,male,,
Feature-Photography,The Philadelphia Inquirer,,Larry C. Price,1985,no,Larry,male,,
Investigative-Reporting,The Philadelphia Inquirer,,John Woestendiek,1987,no,John,male,,
National-Reporting,The Philadelphia Inquirer,,James B. Steele,1989,no,James,male,,
National-Reporting,The Philadelphia Inquirer,,James B. Steele,1975,no,James,male,,
Criticism,The Philadelphia Inquirer,,Inga Saffron,2014,no,Inga,female,,
Investigative-Reporting,The Philadelphia Inquirer,,H. G. Bissinger,1987,no,H.,andy,,
Investigative-Reporting,The Philadelphia Inquirer,,Fredric N. Tulsky,1987,no,Fredric,male,,
National-Reporting,The Philadelphia Inquirer,,Donald L. Barlett,1989,no,Donald,male,,
National-Reporting,The Philadelphia Inquirer,,Donald L. Barlett,1975,no,Donald,male,,
Feature-Writing,The Philadelphia Inquirer,,David Zucchino,1989,no,David,male,,
Investigative-Reporting,The Philadelphia Inquirer,,Daniel R. Biddle,1987,no,Daniel,male,,
National-Reporting,The Philadelphia Inquirer,,Arthur Howe,1986,no,Arthur,male,,
Explanatory-Journalism,The Philadelphia Inquirer,,April Saul,1997,no,April,female,,
Local-Investigative-Specialized-Reporting,The Philadelphia Inquirer,,Acel Moore,1977,no,Acel,andy,,
Editorial-Cartooning,The Philadelphia Daily News,,Signe Wilkinson,1992,no,Signe,female,,
Editorial-Writing,The Philadelphia Daily News,,Richard Aregood,1985,no,Richard,male,,
Local-Investigative-Specialized-Reporting,The Philadelphia Bulletin,,James V. Magee,1964,no,James,male,,
Local-Investigative-Specialized-Reporting,The Philadelphia Bulletin,,Frederick Meyer,1964,no,Frederick,male,,
Local-Investigative-Specialized-Reporting,The Philadelphia Bulletin,,Albert V. Gaudiosi,1964,no,Albert,male,,
Local-Reporting,The Patriot-News,,Sara Ganim,2012,no,Sara,female,,
Editorial-Writing,Orlando Sentinel,,John C. Bersia,2000,no,John,male,,
Feature-Writing,The Oregonian,,Tom Hallman Jr.,2001,no,Tom,male,,
Editorial-Writing,The Oregonian,,Ronald G. Callvert,1939,no,Ronald,male,,
Editorial-Writing,The Oregonian,,Rick Attig,2006,no,Rick,male,,
Explanatory-Reporting,The Oregonian,,Richard Read,1999,no,Richard,male,,
Editorial-Writing,The Oregonian,,Doug Bates,2006,no,Doug,male,,
Public-Service,The News & Observer,,Pat Stith,1996,no,Pat,andy,,
Public-Service,The News & Observer,,Melanie Sill,1996,no,Melanie,female,,
Public-Service,The News & Observer,,Joby Warrick,1996,no,Joby,andy,,
International-Reporting,The New York Times and The Washington Post,,Thomas L. Friedman,1983,no,Thomas,male,,
International-Reporting,The New York Times and The Washington Post,,Loren Jenkins,1983,no,Loren,mostly_male,,
Commentary,The New York Times,,William Safire,1978,no,William,male,,
Reporting,The New York Times,,William Leonard Laurence,1946,no,William,male,,
Commentary,The New York Times,,Walter Wellesley (Red) Smith,1976,no,Walter,male,,
Criticism,The New York Times,,Walter Kerr,1978,no,Walter,male,,
Correspondence,The New York Times,,Walter Duranty,1932,no,Walter,male,,
Investigative-Reporting,The New York Times,,Walt Bogdanich,2008,no,Walt,male,,
National-Reporting,The New York Times,,Walt Bogdanich,2005,no,Walt,male,,
Breaking-News-Photography,The New York Times,,Tyler Hicks,2014,no,Tyler,mostly_male,,
International-Reporting,The New York Times,,Thomas L. Friedman,1988,no,Thomas,male,,
Commentary,The New York Times,,Thomas Friedman,2002,no,Thomas,male,,
International-Reporting,The New York Times,,Sydney H. Schanberg,1976,no,Sydney,mostly_male,,
International-Reporting,The New York Times,,Sheryl Wu Dunn,1990,no,Sheryl,female,,
International-Reporting,The New York Times,,Serge Schmemann,1991,no,Serge,male,,
Reporting,The New York Times,,Russell D. Owen,1930,no,Russell,male,,
Commentary,The New York Times,,Russell Baker,1979,no,Russell,male,,
Spot-News-Reporting,The New York Times,,Robert D. McFadden,1996,no,Robert,male,,
Editorial-Writing,The New York Times,,Robert B. Semple,1996,no,Robert,male,,
Feature-Writing,The New York Times,,Rick Bragg,1996,no,Rick,male,,
Criticism,The New York Times,,Paul Goldberger,1984,no,Paul,male,,
Correspondence,The New York Times,,Otto D. Tolischus,1940,no,Otto,male,,
Commentary,The New York Times,,Nicholas D. Kristof,2006,no,Nicholas,male,,
International-Reporting,The New York Times,,Nicholas D. Kristof,1990,no,Nicholas,male,,
Beat-Reporting,The New York Times,,Natalie Angier,1991,no,Natalie,female,,
Feature-Writing,The New York Times,,Nan Robertson,1983,no,Nan,mostly_female,,
Criticism,The New York Times,,Michiko Kakutani,1998,no,Michiko,female,,
Explanatory-Reporting,The New York Times,,Michael Moss,2010,no,Michael,male,,
Local-Reporting,The New York Times,,Meyer Berger,1950,no,Meyer,andy,,
International-Reporting,The New York Times,,Max Frankel,1973,no,Max,male,,
Commentary,The New York Times,,Maureen Dowd,1999,no,Maureen,female,,
National-Reporting,The New York Times,,Matt Richtel,2010,no,Matt,male,,
Criticism,The New York Times,,Margo Jefferson,1995,no,Margo,female,,
Public-Service,The New York Times,,Lowell Bergman,2004,no,Lowell,male,,
Telegraphic-Reporting-(National),The New York Times,,Louis Stark,1942,no,Louis,male,,
Beat-Reporting,The New York Times,,Linda Greenhouse,1998,no,Linda,female,,
Reporting,The New York Times,,Lauren D. Lyman,1936,no,Lauren,mostly_female,,
Feature-Photography,The New York Times,,Josh Haner,2014,no,Josh,male,,
International-Reporting,The New York Times,,Joseph Kahn,2006,no,Joseph,male,,
National-Reporting,The New York Times,,John Noble Wilford,1984,no,John,male,,
National-Reporting,The New York Times,,John M. Crewdson,1981,no,John,male,,
International-Reporting,The New York Times,,John F. Burns,1997,no,John,male,,
International-Reporting,The New York Times,,John F. Burns,1993,no,John,male,,
International-Reporting,The New York Times,,John Darnton,1982,no,John,male,,
Feature-Writing,The New York Times,,John Branch,2013,no,John,male,,
International-Reporting,The New York Times,,Jim Yardley,2006,no,Jim,male,,
International-Reporting,The New York Times,,Jeffrey Gettleman,2012,no,Jeffrey,male,,
National-Reporting,The New York Times,,Jeff Gerth,1999,no,Jeff,male,,
National-Reporting,The New York Times,,James Risen,2006,no,James,male,,
National-Reporting,The New York Times,,James Reston,1957,no,James,male,,
Telegraphic-Reporting-(National),The New York Times,,James B. Reston,1945,no,James,male,,
Investigative-Reporting,The New York Times,,Jake Hooker,2008,no,Jake,male,,
Editorial-Writing,The New York Times,,Jack Rosenthal,1982,no,Jack,male,,
Local-Investigative-Specialized-Reporting,The New York Times,,J. Anthony Lukas,1968,no,J.,andy,,
Feature-Writing,The New York Times,,Isabel Wilkerson,1994,no,Isabel,female,,
Feature-Writing,The New York Times,,Howell Raines,1992,no,Howell,male,,
Criticism,The New York Times,,Holland Cotter,2009,no,Holland,andy,,
International-Reporting,The New York Times,,Henry Kamm,1978,no,Henry,male,,
International-Reporting,The New York Times,,Hedrick Smith,1974,no,Hedrick,andy,,
International-Reporting,The New York Times,,Harrison E. Salisbury,1955,no,Harrison,male,,
Criticism,The New York Times,,Harold C. Schonberg,1971,no,Harold,male,,
Correspondence,The New York Times,,Hanson W. Baldwin,1943,no,Hanson,andy,,
Beat-Reporting,The New York Times,,Gretchen Morgenson,2002,no,Gretchen,female,,
Correspondence,The New York Times,,Frederick T. Birchall,1934,no,Frederick,male,,
Investigative-Reporting,The New York Times,,Eric Lipton,2015,no,Eric,male,,
National-Reporting,The New York Times,,Eric Lichtblau,2006,no,Eric,male,,
International-Reporting,The New York Times,,Ellen Barry,2011,no,Ellen,female,,
Editorial-Writing,The New York Times,,Edward M. Kingsbury,1926,no,Edward,male,,
Criticism,The New York Times,,Donal Henahan,1986,no,Donal,male,,
Commentary,The New York Times,,David Leonhardt,2011,no,David,male,,
Explanatory-Reporting,The New York Times,,David Kocieniewski,2012,no,David,male,,
Beat-Reporting,The New York Times,,David Cay Johnston,2001,no,David,male,,
Investigative-Reporting,The New York Times,,David Barstow,2013,no,David,male,,
Investigative-Reporting,The New York Times,,David Barstow,2009,no,David,male,,
Public-Service,The New York Times,,David Barstow,2004,no,David,male,,
International-Reporting,The New York Times,,David Barboza,2013,no,David,male,,
Commentary,The New York Times,,Dave Anderson,1981,no,Dave,male,,
Feature-Photography,The New York Times,,Damon Winter,2009,no,Damon,male,,
International-Reporting,The New York Times,,Clifford J. Levy,2011,no,Clifford,male,,
Investigative-Reporting,The New York Times,,Clifford J. Levy,2003,no,Clifford,male,,
National-Reporting,The New York Times,,C. P. Trussell,1949,no,C.,andy,,
Correspondence,The New York Times,,Brooks Atkinson,1947,no,Brooks,male,,
International-Reporting,The New York Times,,Bill Keller,1989,no,Bill,male,,
International-Reporting,The New York Times,,Barry Bearak,2002,no,Barry,male,,
Correspondence,The New York Times,,Arthur Krock,1938,no,Arthur,male,,
Correspondence,The New York Times,,Arthur Krock,1935,no,Arthur,male,,
Local-Reporting;-No-Edition-Time,The New York Times,,Arthur Daley,1956,no,Arthur,male,,
Correspondence,The New York Times,,Arnaldo Cortesi,1946,no,Arnaldo,male,,
National-Reporting,The New York Times,,Anthony Lewis,1963,no,Anthony,male,,
National-Reporting,The New York Times,,Anthony Leviero,1952,no,Anthony,male,,
Commentary,The New York Times,,Anna Quindlen,1992,no,Anna,female,,
Feature-Writing,The New York Times,,Andrea Elliott,2007,no,Andrea,female,,
Explanatory-Reporting,The New York Times,,Amy Harmon,2008,no,Amy,female,,
Reporting,The New York Times,,Alva Johnston,1923,no,Alva,andy,,
Specialized-Reporting,The New York Times,,Alex S. Jones,1987,no,Alex,male,,
Investigative-Reporting,The New York Times,,Alejandra Xanic von Bertrab,2013,no,Alejandra,female,,
Criticism,The New York Times,,Ada Louise Huxtable,1970,no,Ada,female,,
International-Reporting,The New York Times,,A. M. Rosenthal,1960,no,A.,andy,,
Editorial-Cartooning,Nashville Tennessean,,Tom Little,1957,no,Tom,male,,
Editorial-Cartooning,The Milwaukee Journal,,Ross A. Lewis,1935,no,Ross,male,,
Local-General-or-Spot-News-Reporting,The Milwaukee Journal,,Margo Huston,1977,no,Margo,female,,
International-Reporting,The Milwaukee Journal,,Austin Wehrwein,1953,no,Austin,male,,
Editorial-Cartooning,The Miami News,,Don Wright,1980,no,Don,male,,
Editorial-Cartooning,The Miami News,,Don Wright,1966,no,Don,male,,
International-Reporting,The Miami Herald,,Shirley Christian,1981,no,Shirley,female,,
International-Reporting,The Miami Herald,,Shirley Christian,1980,no,Shirley,female,,
Breaking-News-Photography,The Miami Herald,,Patrick Farrell,2009,no,Patrick,male,,
Feature-Photography,The Miami Herald,,Michel du Cille,1988,no,Michel,male,,
Spot-News-Photography,The Miami Herald,,Michel du Cille,1986,no,Michel,male,,
Feature-Writing,The Miami Herald,,Madeleine Blais,1980,no,Madeleine,female,,
Commentary,The Miami Herald,,Liz Balmaseda,1993,no,Liz,female,,
Commentary,The Miami Herald,,Leonard Pitts Jr.,2004,no,Leonard,male,,
Editorial-Cartooning,The Miami Herald,,Jim Morin,1996,no,Jim,male,,
General-News-Reporting,The Miami Herald,,Edna Buchanan,1986,no,Edna,female,,
Local-Reporting,The Miami Herald,,Debbie Cenziper,2007,no,Debbie,female,,
Commentary,The Miami Herald,,Dave Barry,1988,no,Dave,male,,
Spot-News-Photography,The Miami Herald,,Carol Guzy,1986,no,Carol,mostly_female,,
National-Reporting,The Miami News,,Howard Van Smith,1959,no,Howard,male,,
International-Reporting,The Miami News,,Hal Hendrix,1963,no,Hal,male,,
National-Reporting,The Kansas City Times,,Rick Atkinson,1982,no,Rick,male,,
Editorial-Cartooning,The Journal News,,Matt Davies,2004,no,Matt,male,,
Investigative-Reporting,The Indianapolis Star,,Susan M. Headden,1991,no,Susan,female,,
Investigative-Reporting,The Indianapolis Star,,Joseph T. Hallinan,1991,no,Joseph,male,,
National-Reporting,The Huffington Post,,David Wood,2012,no,David,male,,
Editorial-Cartooning,The Hartford Times,,Edmund S. Valtman,1962,no,Edmund,male,,
National-Reporting,The Gazette,,David Philipps,2014,no,David,male,,
Editorial-Writing,The Gainesville (FL) Sun,,Horance G. Davis Jr.,1971,no,Horance,andy,,
Local-Reporting;-No-Edition-Time,The Evening Star,,Miriam Ottenberg,1960,no,Miriam,female,,
Local-Reporting;-Edition-Time,The Evening Star,,Mary Lou Werner,1959,no,Mary,female,,
Editorial-Cartooning,The Evening Star,,James T. Berryman,1950,no,James,male,,
Local-Reporting;-No-Edition-Time,The Evening Star,,George Beveridge,1958,no,George,male,,
Editorial-Cartooning,The Evening Star,,Clifford K. Berryman,1944,no,Clifford,male,,
Photography,The Detroit News,,Milton Brooks,1942,no,Milton,male,,
Beat-Reporting,The Detroit News,,Jim Mitzelfeld,1994,no,Jim,male,,
Beat-Reporting,The Detroit News,,Eric Freedman,1994,no,Eric,male,,
Breaking-News-Photography,Des Moines Register,,Mary Chind,2010,no,Mary,mostly_female,,
Editorial-Cartooning,The Denver Post,,Paul Conrad,1964,no,Paul,male,,
Editorial-Cartooning,The Denver Post,,Patrick B. Oliphant,1967,no,Patrick,male,,
Editorial-Cartooning,The Denver Post,,Mike Keefe,2011,no,Mike,male,,
Feature-Photography,The Denver Post,,Craig F. Walker,2012,no,Craig,male,,
Feature-Photography,The Denver Post,,Craig F. Walker,2010,no,Craig,male,,
Feature-Photography,The Denver Post,,Anthony Suau,1984,no,Anthony,male,,
Editorial-Writing,The Delta Democrat-Times,,Hodding Carter,1946,no,Hodding,andy,,
Explanatory-Journalism,The Dallas Morning News,,William Snyder,1989,no,William,male,,
Feature-Photography,The Dallas Morning News,,William Snyder,1991,no,William,male,,
Spot-News-Photography,The Dallas Morning News,,William Snyder,1993,no,William,male,,
Editorial-Writing,The Dallas Morning News,,William McKenzie,2010,no,William,male,,
Editorial-Writing,The Dallas Morning News,,Tod Robberson,2010,no,Tod,male,,
Spot-News-Photography,The Dallas Morning News,,Ken Geiger,1993,no,Ken,male,,
Explanatory-Journalism,The Dallas Morning News,,Karen Blessen,1989,no,Karen,female,,
National-Reporting,The Dallas Morning News,,George Rodrigue,1986,no,George,male,,
Breaking-News-Photography,The Dallas Morning News,,David Leeson,2004,no,David,male,,
Explanatory-Journalism,The Dallas Morning News,,David Hanners,1989,no,David,male,,
International-Reporting,The Dallas Morning News,,Dallas Morning News Team,1994,no,Dallas,mostly_male,,
National-Reporting,The Dallas Morning News,,Craig Flournoy,1986,no,Craig,male,,
Editorial-Writing,The Dallas Morning News,,Colleen McCain Nelson,2010,no,Colleen,female,,
Breaking-News-Photography,The Dallas Morning News,,Cheryl Diaz Meyer,2004,no,Cheryl,female,,
Editorial-Writing,The Daily Tribune,,Michael Gartner,1997,no,Michael,male,,
Editorial-Cartooning,Louisville Courier-Journal,,Nick Anderson,2005,no,Nick,male,,
Editorial-Cartooning,The Cincinnati Enquirer,,Jim Borgman,1991,no,Jim,male,,
National-Reporting,The Christian Science Monitor,,Robert Cahn,1969,no,Robert,male,,
International-Reporting,The Christian Science Monitor,,R. John Hughes,1967,no,R.,andy,,
National-Reporting,The Christian Science Monitor,,Howard James,1968,no,Howard,male,,
International-Reporting,The Christian Science Monitor,,Edmund Stevens,1950,no,Edmund,male,,
International-Reporting,The Christian Science Monitor,,David Rohde,1996,no,David,male,,
Editorial-Cartooning,The Christian Science Monitor,,Clay Bennett,2002,no,Clay,male,,
Commentary,Chicago Tribune,,Mary Schmich,2012,no,Mary,mostly_female,,
Editorial-Cartooning,The Charlotte Observer,,Kevin Siers,2014,no,Kevin,male,,
Editorial-Cartooning,The Charlotte Observer,,Eugene Gray Payne,1968,no,Eugene,male,,
Investigative-Reporting,The Center for Public Integrity,,Chris Hamby,2014,no,Chris,mostly_male,,
Editorial-Cartooning,The Buffalo News,,Tom Toles,1990,no,Tom,male,,
Editorial-Cartooning,The Buffalo News,,Adam Zyglis,2015,no,Adam,male,,
Criticism,The Boston Phoenix,,Lloyd Schwartz,1994,no,Lloyd,male,,
Editorial-Writing,The Boston Herald,,John H. Crider,1949,no,John,male,,
Criticism,The Boston Globe,,William A. Henry III,1980,no,William,male,,
Criticism,The Boston Globe,,Wesley Morris,2012,no,Wesley,male,,
Local-Investigative-Specialized-Reporting,The Boston Globe,,Timothy Leland,1972,no,Timothy,male,,
Local-Investigative-Specialized-Reporting,The Boston Globe,,Stephen A. Kurkjian,1980,no,Stephen,male,,
Local-Investigative-Specialized-Reporting,The Boston Globe,,Stephen A. Kurkjian,1972,no,Stephen,male,,
Feature-Photography,The Boston Globe,,Stan Grossfeld,1985,no,Stan,male,,
Spot-News-Photography,The Boston Globe,,Stan Grossfeld,1984,no,Stan,male,,
Criticism,The Boston Globe,,Sebastian Smee,2011,no,Sebastian,male,,
Local-Investigative-Specialized-Reporting,The Boston Globe,,Robert M. Porterfield,1980,no,Robert,male,,
Criticism,The Boston Globe,,Robert Campbell,1996,no,Robert,male,,
Editorial-Cartooning,The Boston Globe,,Paul Szep,1977,no,Paul,male,,
Editorial-Cartooning,The Boston Globe,,Paul Szep,1974,no,Paul,male,,
Local-Investigative-Specialized-Reporting,The Boston Globe,,Norman Lockman,1984,no,Norman,male,,
Local-Investigative-Specialized-Reporting,The Boston Globe,,Nils Bruzelius,1980,no,Nils,male,,
Criticism,The Boston Globe,,Mark Feeney,2008,no,Mark,male,,
Local-Investigative-Specialized-Reporting,The Boston Globe,,Kirk Scharfenberg,1984,no,Kirk,male,,
Local-Investigative-Specialized-Reporting,The Boston Globe,,Kenneth Cooper,1984,no,Kenneth,male,,
Editorial-Writing,The Boston Globe,,Kathleen Kingsbury,2015,no,Kathleen,female,,
Local-Investigative-Specialized-Reporting,The Boston Globe,,Jonathan Kaufman,1984,no,Jonathan,male,,
Local-Investigative-Specialized-Reporting,The Boston Globe,,Joan Vennochi,1980,no,Joan,female,,
Local-Investigative-Specialized-Reporting,The Boston Globe,,Joan Fitz Gerald,1984,no,Joan,female,,
Local-Investigative-Specialized-Reporting,The Boston Globe,,Gerard M. O'Neill,1972,no,Gerard,male,,
Local-Investigative-Specialized-Reporting,The Boston Globe,,Gary Mc Millan,1984,no,Gary,male,,
Explanatory-Reporting,The Boston Globe,,Gareth Cook,2005,no,Gareth,male,,
Criticism,The Boston Globe,,Gail Caldwell,2001,no,Gail,mostly_female,,
Commentary,The Boston Globe,,Ellen H. Goodman,1980,no,Ellen,female,,
Commentary,The Boston Globe,,Eileen McNamara,1997,no,Eileen,female,,
Local-Investigative-Specialized-Reporting,The Boston Globe,,David Wessel,1984,no,David,male,,
Beat-Reporting,The Boston Globe,,David Shribman,1995,no,David,male,,
National-Reporting,The Boston Globe,,Charlie Savage,2007,no,Charlie,mostly_male,,
Local-Investigative-Specialized-Reporting,The Boston Globe,,Ann Desantis,1972,no,Ann,female,,
Local-Investigative-Specialized-Reporting,The Boston Globe,,Alexander B. Hawes Jr.,1980,no,Alexander,male,,
Investigative-Reporting,The Blade,,Mitch Weiss,2004,no,Mitch,male,,
Investigative-Reporting,The Blade,,Michael D. Sallah,2004,no,Michael,male,,
Investigative-Reporting,The Blade,,Joe Mahr,2004,no,Joe,male,,
Editorial-Writing,The Birmingham (AL) News,,Ron Casey,1991,no,Ron,male,,
Editorial-Writing,The Birmingham (AL) News,,Joey Kennedy,1991,no,Joey,male,,
Editorial-Writing,The Birmingham (AL) News,,Harold Jackson,1991,no,Harold,male,,
Investigative-Reporting,The Birmingham (AL) News,,Brett Blackledge,2007,no,Brett,male,,
Investigative-Reporting,The Baltimore Sun,,Will Englund,1998,no,Will,mostly_male,,
International-Reporting,The Baltimore Sun,,Price Day,1949,no,Price,male,,
International-Reporting,The Baltimore Sun,,Paul W. Ward,1948,no,Paul,male,,
Telegraphic-Reporting-(International),The Baltimore Sun,,Mark S. Watson,1945,no,Mark,male,,
Feature-Writing,The Baltimore Sun,,Lisa Pollak,1997,no,Lisa,female,,
Editorial-Writing,The Baltimore Sun,,John W. Owens,1937,no,John,male,,
Investigative-Reporting,The Baltimore Sun,,Gary Cohn,1998,no,Gary,male,,
Editorial-Cartooning,The Baltimore Sun,,Edmund Duffy,1940,no,Edmund,male,,
Editorial-Cartooning,The Baltimore Sun,,Edmund Duffy,1934,no,Edmund,male,,
Editorial-Cartooning,The Baltimore Sun,,Edmund Duffy,1931,no,Edmund,male,,
Beat-Reporting,The Baltimore Sun,,Diana K. Sugg,2003,no,Diana,female,,
Telegraphic-Reporting-(National),The Baltimore Sun,,Dewey L. Fleming,1944,no,Dewey,male,,
Feature-Writing,The Baltimore Sun,,Alice Steinbach,1985,no,Alice,female,,
Explanatory-Journalism,The Baltimore Evening Sun,,Jon Franklin,1985,no,Jon,male,,
Explanatory-Journalism,The Atlanta Journal-Constitution,,Mike Toner,1993,no,Mike,male,,
Editorial-Cartooning,The Atlanta Journal-Constitution,,Mike Luckovich,2006,no,Mike,male,,
Local-Reporting,The Atlanta Journal-Constitution,,George E. Goodwin,1948,no,George,male,,
Commentary,The Atlanta Journal-Constitution,,Cynthia Tucker,2007,no,Cynthia,female,,
Investigative-Reporting,The Atlanta Journal-Constitution,,Bill Dedman,1989,no,Bill,male,,
Editorial-Cartooning,The Atlanta Constitution,Charlotte Observer,Doug Marlette,1988,no,Doug,male,,
Editorial-Cartooning,The Atlanta Constitution,,Mike Luckovich,1995,no,Mike,male,,
Editorial-Writing,The Atlanta Constitution,,Eugene Patterson,1967,no,Eugene,male,,
Editorial-Writing,The Atlanta Constitution,,Ralph McGill,1959,no,Ralph,male,,
Local-Reporting;-Edition-Time,The Atlanta Constitution,,Jack Nelson,1960,no,Jack,male,,
Investigative-Reporting,Associated Press,,Matt Apuzzo,2012,no,Matt,male,,
Investigative-Reporting,Associated Press,,Eileen Sullivan,2012,no,Eileen,female,,
Investigative-Reporting,Associated Press,,Chris Hawley,2012,no,Chris,mostly_male,,
Investigative-Reporting,Associated Press,,Adam Goldman,2012,no,Adam,male,,
Editorial-Cartooning,The Arizona Republic,,Stephen R. Benson,1993,no,Stephen,male,,
Local-Investigative-Specialized-Reporting,The Arizona Daily Star,,Robert B. Lowe,1981,no,Robert,male,,
Local-Investigative-Specialized-Reporting,The Arizona Daily Star,,Clark Hallas,1981,no,Clark,male,,
Local-Reporting,Tampa Bay Times,,Will Hobson,2014,no,Will,mostly_male,,
Editorial-Writing,Tampa Bay Times,,Tim Nickens,2013,no,Tim,male,,
Local-Reporting,Tampa Bay Times,,Michael LaForgia,2014,no,Michael,male,,
Editorial-Writing,Tampa Bay Times,,Daniel Ruth,2013,no,Daniel,male,,
Local-Investigative-Specialized-Reporting,Tampa (FL) Tribune,,John Anthony Frasca,1966,no,John,male,,
Editorial-Cartooning,Star Tribune,,Steve Sack,2013,no,Steve,male,,
Investigative-Reporting,Star Tribune,,Lou Kilzer,1990,no,Lou,mostly_male,,
Local-Reporting,Star Tribune,,Jeremy Olson,2013,no,Jeremy,male,,
Local-Reporting,Star Tribune,,Glenn Howatt,2013,no,Glenn,male,,
Investigative-Reporting,Star Tribune,,Chris Ison,1990,no,Chris,mostly_male,,
Local-Reporting,Star Tribune,,Brad Schrade,2013,no,Brad,male,,
Feature-Writing,St. Petersburg (FL) Times,,Thomas French,1998,no,Thomas,male,,
Feature-Writing,St. Petersburg (FL) Times,,Lane DeGregory,2009,no,Lane,male,,
Feature-Writing,St. Petersburg (FL) Times,,Sheryl James,1991,no,Sheryl,female,,
Investigative-Reporting,St. Petersburg (FL) Times,,Lucy Morgan,1985,no,Lucy,female,,
Investigative-Reporting,St. Petersburg (FL) Times,,Jack Reed,1985,no,Jack,male,,
National-Reporting,St. Petersburg (FL) Times,,Charles Stafford,1980,no,Charles,male,,
National-Reporting,St. Petersburg (FL) Times,,Bette Swenson Orsini,1980,no,Bette,female,,
Feature-Writing,St. Paul Pioneer Press,,Jacqui Banaszynski,1988,no,Jacqui,female,,
Feature-Writing,St. Paul Pioneer Press,,John Camp,1986,no,John,male,,
Beat-Reporting,St. Paul Pioneer Press,,George Dohrmann,2000,no,George,male,,
Editorial-Cartooning,St. Louis Post-Dispatch,,William H. (Bill) Mauldin,1959,no,William,male,,
Editorial-Writing,St. Louis Post-Dispatch,,Robert Lasch,1966,no,Robert,male,,
Reporting,St. Louis Post-Dispatch,,Paul Y. Anderson,1929,no,Paul,male,,
Commentary,St. Louis Post-Dispatch,,Marquis W. Childs,1970,no,Marquis,male,,
Reporting,St. Louis Post-Dispatch,,John T. Rogers,1927,no,John,male,,
Criticism,St. Louis Post-Dispatch,,Frank Peters Jr.,1972,no,Frank,male,,
Telegraphic-Reporting-(National),St. Louis Post-Dispatch,,Edward A. Harris,1946,no,Edward,male,,
Editorial-Cartooning,St. Louis Post-Dispatch,,Daniel R. Fitzpatrick,1955,no,Daniel,male,,
Editorial-Cartooning,St. Louis Post-Dispatch,,D. R. Fitzpatrick,1926,no,D.,andy,,
Correspondence,St. Louis Post-Dispatch,,Charles G. Ross,1932,no,Charles,male,,
Editorial-Writing,St. Louis Post-Dispatch,,Bart Howard,1940,no,Bart,male,,
Local-Investigative-Specialized-Reporting,St. Louis Globe-Democrat,,Denny Walsh,1969,no,Denny,male,,
Local-Investigative-Specialized-Reporting,St. Louis Globe-Democrat,,Albert L. Delugach,1969,no,Albert,male,,
Editorial-Writing,St. Louis Globe-Democrat,,Louis LaCoss,1952,no,Louis,male,,
Editorial-Cartooning,"self syndicated, appearing on SFGate.com",,Mark Fiore,2010,no,Mark,male,,
International-Reporting,Scripps-Howard Newspaper Alliance,,Jim G. Lucas,1954,no,Jim,male,,
National-Reporting,Scripps-Howard Newspaper Alliance,,Vance Trimble,1960,no,Vance,male,,
Reporting,Scripps-Howard Newspaper Alliance,,Thomas Lunsford Stokes,1939,no,Thomas,male,,
Correspondence,Scripps-Howard Newspaper Alliance,,Ernest Taylor Pyle,1944,no,Ernest,male,,
Local-Reporting;-No-Edition-Time,Scranton (PA) Tribune and Scrantonian,,John Harold Brislin,1959,no,John,male,,
Investigative-Reporting,Sarasota Herald-Tribune,,Paige St. John,2011,no,Paige,andy,,
Editorial-Writing,Santa Barbara (CA) News-Press,,Thomas M. Storke,1962,no,Thomas,male,,
Editorial-Writing,San Juan (Puerto Rico) Star,,William J. Dorvillier,1961,no,William,male,,
International-Reporting,San Jose (CA) Mercury News,,Pete Carey,1986,no,Pete,male,,
International-Reporting,San Jose (CA) Mercury News,,Lewis M. Simons,1986,no,Lewis,male,,
International-Reporting,San Jose (CA) Mercury News,,Katherine Ellison,1986,no,Katherine,female,,
Spot-News-Photography,San Francisco Examiner,,Kim Komenich,1987,no,Kim,mostly_female,,
Local-Reporting,San Francisco Examiner,,Edward S. Montgomery,1951,no,Edward,male,,
Reporting,San Francisco Chronicle,,Stanton Delaplane,1942,no,Stanton,male,,
Reporting,San Francisco Chronicle,,Royce Brier,1934,no,Royce,male,,
Local-Reporting,San Francisco Chronicle,,George De Carvalho,1952,no,George,male,,
Feature-Photography,San Francisco Chronicle,,Deanne Fitzmaurice,2005,no,Deanne,female,,
Criticism,San Francisco Chronicle,,Allan Temko,1990,no,Allan,male,,
Reporting,San Francisco Call-Bulletin,,Jack S. McDowell,1945,no,Jack,male,,
Reporting,San Diego Sun,,Magner White,1924,no,Magner,andy,,
Editorial-Writing,Rutland (VT) Herald,,David Moats,2001,no,David,male,,
Feature-Photography,Rocky Mountain News,,Todd Heisler,2006,no,Todd,male,,
Feature-Writing,Rocky Mountain News,,Jim Sheeler,2006,no,Jim,male,,
Local-General-or-Spot-News-Reporting,Rochester (NY) Times-Union,,Richard Cooper,1972,no,Richard,male,,
Local-General-or-Spot-News-Reporting,Rochester (NY) Times-Union,,John Machacek,1972,no,John,male,,
Editorial-Writing,Richmond Times-Dispatch,,Virginius Dabney,1948,no,Virginius,andy,,
Editorial-Cartooning,Richmond News-Leader,,Jeffrey K. MacNelly,1972,no,Jeffrey,male,,
Editorial-Cartooning,Richmond (VA) News Leader,,Jeffrey K. MacNelly,1978,no,Jeffrey,male,,
International-Reporting,Reuters,,Jason Szep,2014,no,Jason,male,,
International-Reporting,Reuters,,Andrew R.C. Marshall,2014,no,Andrew,male,,
Breaking-News-Photography,Reuters,,Adrees Latif,2008,no,Adrees,andy,,
Editorial-Writing,Reno (Nev.) Evening Gazette and Nevada State Journal,,Warren L. Lerude,1977,no,Warren,male,,
Editorial-Writing,Reno (Nev.) Evening Gazette and Nevada State Journal,,Norman F. Cardoza,1977,no,Norman,male,,
Editorial-Writing,Reno (Nev.) Evening Gazette and Nevada State Journal,,Foster Church,1977,no,Foster,male,,
Editorial-Writing,Register and Tribune,,William Wesley Waymack,1938,no,William,male,,
Editorial-Writing,Register and Tribune,,Lauren K. Soth,1956,no,Lauren,mostly_female,,
Editorial-Writing,Register and Tribune,,Forrest W. Seymour,1943,no,Forrest,male,,
Commentary,Raleigh (NC) News & Observer,,Claude Sitton,1983,no,Claude,mostly_male,,
National-Reporting,Providence Journal and Evening Bulletin,,Jack White,1974,no,Jack,male,,
Investigative-Reporting,"ProPublica, in collaboration with The New York Times Magazine",,Sheri Fink,2010,no,Sheri,female,,
National-Reporting,ProPublica,,Jesse Eisinger,2011,no,Jesse,male,,
National-Reporting,ProPublica,,Jake Bernstein,2011,no,Jake,male,,
Local-Investigative-Specialized-Reporting,Pottsville (PA) Republican,,Gilbert M. Gaul,1979,no,Gilbert,male,,
Local-Investigative-Specialized-Reporting,Pottsville (PA) Republican,,Elliot G. Jaspin,1979,no,Elliot,male,,
Spot-News-Photography,The Pottstown (PA) Mercury,,Thomas J. Kelly III,1979,no,Thomas,male,,
Local-Reporting;-No-Edition-Time,Portland Oregonian,,William Lamber,1957,no,William,male,,
Local-Reporting;-No-Edition-Time,Portland Oregonian,,Wallace Turner,1957,no,Wallace,male,,
Editorial-Cartooning,POLITICO,,Matt Wuerker,2012,no,Matt,male,,
Specialized-Reporting,The Pittsburgh Press,,Mary Pat Flaherty,1986,no,Mary,mostly_female,,
Specialized-Reporting,The Pittsburgh Press,,Andrew Schneider,1986,no,Andrew,male,,
Reporting,Pittsburgh Post-Gazette,,Raymond Sprigle,1938,no,Raymond,male,,
Spot-News-Photography,Pittsburgh Post-Gazette,,Martha Rial,1998,no,Martha,female,,
Editorial-Writing,Pine Bluff (AR) Commercial,,Paul Greenberg,1969,no,Paul,male,,
Correspondence,Philippines Herald,,Carlos P. Romulo,1942,no,Carlos,male,,
Correspondence,Philadelphia Public Ledger and New York Evening Post,,H. R. Knickerbocker,1931,no,H.,andy,,
Investigative-Reporting,The Philadelphia Daily News,,Wendy Ruderman,2010,no,Wendy,female,,
Investigative-Reporting,The Philadelphia Daily News,,Barbara Laker,2010,no,Barbara,female,,
International-Reporting,The Philadelphia Bulletin,,J. A. Livingston,1965,no,J.,andy,,
Local-Reporting;-No-Edition-Time,Pecos (TX) Independent and Enterprise,,"Oscar Griffin, Jr.",1963,no,Oscar,male,,
Local-Reporting;-No-Edition-Time,Pecos (TX) Independent and Enterprise,,Oscar Griffin Jr.,1963,no,Oscar,male,,
Editorial-Writing,Pascagoula (MS) Chronicle,,Ira B. Harkey,1963,no,Ira,female,,
Feature-Photography,Palm Beach Post,,Dallas Kinney,1970,no,Dallas,mostly_male,,
Editorial-Writing,Orlando Sentinel,,Jane Healy,1988,no,Jane,female,,
Investigative-Reporting,Orlando (FL) Sentinel,,Steve Berry,1993,no,Steve,male,,
Investigative-Reporting,Orlando (FL) Sentinel,,Jeff Brazil,1993,no,Jeff,male,,
Specialized-Reporting,The Orange County Register,,Edward Humes,1989,no,Edward,male,,
Spot-News-Photography,Odessa (TX) American,,Scott Shaw,1988,no,Scott,male,,
Photography,Oakland (CA) Tribune,,Bill Crouch,1950,no,Bill,male,,
Telegraphic-Reporting-(International),"North American Newspaper Alliance, Inc.",,Ira Wolfert,1943,no,Ira,female,,
Editorial-Writing,Norfolk Virginian-Pilot,,Louis Isaac Jaffe,1929,no,Louis,male,,
Editorial-Writing,Norfolk Virginian-Pilot,,Lenoir Chambers,1960,no,Lenoir,andy,,
Criticism,Newsday Syndicate,,Emily Genauer,1974,no,Emily,female,,
Editorial-Cartooning,Newsday,,Walt Handelsman,2007,no,Walt,male,,
Editorial-Cartooning,Newsday,,Thomas F. Darcy,1970,no,Thomas,male,,
Investigative-Reporting,Newsday,,Stephanie Saul,1995,no,Stephanie,female,,
International-Reporting,Newsday,,Roy Gutman,1993,no,Roy,male,,
International-Reporting,Newsday,,Patrick J. Sloyan,1992,no,Patrick,male,,
International-Reporting,Newsday,,Ozier Muhammad,1985,no,Ozier,andy,,
Commentary,Newsday,,Murray Kempton,1985,no,Murray,male,,
Explanatory-Journalism,Newsday,,Laurie Garrett,1996,no,Laurie,female,,
Criticism,Newsday,,Justin Davidson,2002,no,Justin,male,,
International-Reporting,Newsday,,Josh Friedman,1985,no,Josh,male,,
Commentary,Newsday,,Jim Dwyer,1995,no,Jim,male,,
International-Reporting,Newsday,,Dennis Bell,1985,no,Dennis,male,,
International-Reporting,Newsday,,Dele Olojede,2005,no,Dele,andy,,
Investigative-Reporting,Newsday,,Brian Donovan,1995,no,Brian,male,,
Beat-Reporting,Newsday,,Bob Keeler,1996,no,Bob,male,,
Criticism,News and Observer,,Michael Skube,1989,no,Michael,male,,
Editorial-Cartooning,Newark Evening News,,Lute Pease,1949,no,Lute,male,,
Local-Reporting;-Edition-Time,New York World-Telegram,,William Longgood,1963,no,William,male,,
Local-Reporting;-Edition-Time,New York World-Telegram,,Sylvan Fox,1963,no,Sylvan,andy,,
Local-Reporting;-Edition-Time,New York World-Telegram,,Anthony Shannon,1963,no,Anthony,male,,
Local-Reporting;-No-Edition-Time,New York World-Telegram,,Edward J. Mowery,1953,no,Edward,male,,
Reporting,New York World-Telegram,,Westbrook Pegler,1941,no,Westbrook,andy,,
Reporting,New York World-Telegram,,S. Burton Heath,1940,no,S.,andy,,
Reporting,New York World-Telegram,,Frederick Woltman,1947,no,Frederick,male,,
Editorial-Writing,New York World,,the late Frank I. Cobb,1924,no,Frank,male,,
Editorial-Cartooning,New York World,,Rollin Kirby,1929,no,Rollin,male,,
Editorial-Cartooning,New York World,,Rollin Kirby,1925,no,Rollin,male,,
Editorial-Cartooning,New York World,,Rollin Kirby,1922,no,Rollin,male,,
Reporting,New York World,,Louis Seibold,1921,no,Louis,male,,
Reporting,New York World,,John J. Leary,1920,no,John,male,,
Reporting,New York World,,Herbert Bayard Swope,1917,no,Herbert,male,,
Correspondence,The New York Times,,Anne O'Hare McCormick,1937,no,Anne,female,,
Editorial-Cartooning,New York Sun,,Reuben L. Goldberg,1948,no,Reuben,male,,
Local-Reporting,New York Sun,,Malcolm Johnson,1949,no,Malcolm,male,,
Editorial-Cartooning,New York Mirror,,Fred L. Packer,1952,no,Fred,male,,
Reporting,New York Journal-American,,Paul Schoenstein and Associates,1944,no,Paul,male,,
Photography,New York Herald Tribune,,Nathaniel Fein,1949,no,Nathaniel,male,,
International-Reporting,New York Herald Tribune,,Walter Lippmann,1962,no,Walter,male,,
Reporting,New York Herald Tribune,,William H. Taylor,1935,no,William,male,,
Local-Reporting;-Edition-Time,New York Herald Tribune,,Sanche De Gramont,1961,no,Sanche,andy,,
Correspondence,New York Herald Tribune,,Leland Stowe,1930,no,Leland,male,,
Telegraphic-Reporting-(International),New York Herald Tribune,,Homer William Bigart,1946,no,Homer,male,,
Editorial-Writing,New York Herald Tribune,,Geoffrey Parsons,1942,no,Geoffrey,male,,
National-Reporting,New York Herald Tribune,,Bert Andrews,1948,no,Bert,male,,
Editorial-Writing,New York Herald,,Frank M. O'Brien,1922,no,Frank,male,,
Reporting,New York Evening Post,,Harold A. Littledale,1918,no,Harold,male,,
Local-Investigative-Specialized-Reporting,New York Daily News,,William Sherman,1974,no,William,male,,
Editorial-Writing,New York Daily News,,Reuben Maury,1941,no,Reuben,male,,
International-Reporting,New York Daily News,,Philip Santora,1959,no,Philip,male,,
Commentary,New York Daily News,,Mike McAlary,1998,no,Mike,male,,
International-Reporting,New York Daily News,,Joseph Martin,1959,no,Joseph,male,,
Commentary,New York Daily News,,Jimmy Breslin,1986,no,Jimmy,male,,
Editorial-Writing,New York Daily News,,Heidi Evans,2007,no,Heidi,female,,
Commentary,New York Daily News,,E.R. Shipp,1996,no,E.R.,andy,,
Editorial-Cartooning,New York Daily News,,C.D. Batchelor,1937,no,C.D.,andy,,
Editorial-Writing,New York Daily News,,Beverly Weintraub,2007,no,Beverly,female,,
Editorial-Writing,New York Daily News,,Arthur Browne,2007,no,Arthur,male,,
Editorial-Writing,New Orleans States,,William Harry Fitzpatrick,1951,no,William,male,,
Editorial-Cartooning,NEA service,,Herbert Lawrence Block,1942,no,Herbert,male,,
Commentary,National Observer,,Edwin A. Roberts Jr.,1974,no,Edwin,male,,
National-Reporting,Nashville Tennessean,,Nathan G. Caldwell,1962,no,Nathan,male,,
National-Reporting,Nashville Tennessean,,Gene S. Graham,1962,no,Gene,mostly_male,,
Local-Investigative-Specialized-Reporting,Montgomery Advertiser and Alabama Journal,,Harold Eugene Martin,1970,no,Harold,male,,
Editorial-Writing,Montgomery (AL) Advertiser,,Grover Cleveland Hall,1928,no,Grover,male,,
National-Reporting,Minneapolis Tribune,,Nat S. Finney,1948,no,Nat,mostly_male,,
Photography,Minneapolis Star,,William Seaman,1959,no,William,male,,
Local-Reporting,Milwaukee Journal Sentinel,,Raquel Rutledge,2010,no,Raquel,female,,
Explanatory-Reporting,Milwaukee Journal Sentinel,,Mark Johnson,2011,no,Mark,male,,
Explanatory-Reporting,Milwaukee Journal Sentinel,,Lou Saldivar,2011,no,Lou,mostly_male,,
Explanatory-Reporting,Milwaukee Journal Sentinel,,Kathleen Gallagher,2011,no,Kathleen,female,,
Explanatory-Reporting,Milwaukee Journal Sentinel,,Gary Porter,2011,no,Gary,male,,
Local-Reporting,Milwaukee Journal Sentinel,,David Umhoefer,2008,no,David,male,,
Explanatory-Reporting,Milwaukee Journal Sentinel,,Alison Sherwood,2011,no,Alison,female,,
Local-General-or-Spot-News-Reporting,The Miami Herald,,Gene Miller,1976,no,Gene,mostly_male,,
Local-Investigative-Specialized-Reporting,The Miami Herald,,Gene Miller,1967,no,Gene,mostly_male,,
Photography,Mainichi,,Yasushi Nagao,1961,no,Yasushi,male,,
Specialized-Reporting,Macon (GA) Telegraph and News,,Randall Savage,1985,no,Randall,male,,
Specialized-Reporting,Macon (GA) Telegraph and News,,Jackie Crosby,1985,no,Jackie,andy,,
Local-General-or-Spot-News-Reporting,Louisville Courier-Journal,,John Fetterman,1969,no,John,male,,
Reporting,Louisville Courier-Journal,,William Burke Miller,1926,no,William,male,,
Local-General-or-Spot-News-Reporting,Louisville Courier-Journal,,Richard Whitt,1978,no,Richard,male,,
Editorial-Cartooning,Louisville (KY) Times,,Robert York,1956,no,Robert,male,,
Commentary,Los Angeles Times,,Art Buchwald,1982,no,Art,male,,
International-Reporting,Los Angeles Times,,William Tuohy,1969,no,William,male,,
Editorial-Writing,Los Angeles Times,,William R. Stall,2004,no,William,male,,
Explanatory-Reporting,Los Angeles Times,,Usha Lee McFarling,2007,no,Usha,female,,
Feature-Writing,Los Angeles Times,,Sonia Nazario,2003,no,Sonia,female,,
Explanatory-Reporting,Los Angeles Times,,Rick Loomis,2007,no,Rick,male,,
Criticism,Los Angeles Times,,Richard Eder,1987,no,Richard,male,,
Editorial-Writing,Los Angeles Times,,Philip P. Kerby,1976,no,Philip,male,,
Editorial-Cartooning,Los Angeles Times,,Paul Conrad,1984,no,Paul,male,,
Editorial-Cartooning,Los Angeles Times,,Paul Conrad,1971,no,Paul,male,,
International-Reporting,Los Angeles Times,,Michael Parks,1987,no,Michael,male,,
Beat-Reporting,Los Angeles Times,,Michael A. Hiltzik,1999,no,Michael,male,,
Criticism,Los Angeles Times,,Mary McNamara,2015,no,Mary,mostly_female,,
Criticism,Los Angeles Times,,Martin Bernheimer,1982,no,Martin,male,,
International-Reporting,Los Angeles Times,,Kim Murphy,2005,no,Kim,mostly_female,,
National-Reporting,Los Angeles Times,,Kevin Sack,2003,no,Kevin,male,,
Explanatory-Reporting,Los Angeles Times,,Kenneth R. Weiss,2007,no,Kenneth,male,,
Explanatory-Reporting,Los Angeles Times,,Julie Cart,2009,no,Julie,female,,
Photography,Los Angeles Times,,John L. Gaunt,1955,no,John,male,,
Commentary,Los Angeles Times,,Jim Murray,1990,no,Jim,male,,
Feature-Writing,Los Angeles Times,,J.R. Moehringer,2000,no,J.R.,andy,,
Criticism,Los Angeles Times,,Howard Rosenberg,1985,no,Howard,male,,
National-Reporting,Los Angeles Times,,Gaylord D. Shaw,1978,no,Gaylord,male,,
Feature-Photography,Los Angeles Times,,Don Bartletti,2003,no,Don,male,,
Feature-Writing,Los Angeles Times,,Diana Marcum,2015,no,Diana,female,,
Investigative-Reporting,Los Angeles Times,,David Willman,2001,no,David,male,,
Criticism,Los Angeles Times,,David Shaw,1991,no,David,male,,
Criticism,Los Angeles Times,,Dan Neil,2004,no,Dan,male,,
Feature-Photography,Los Angeles Times,,Clarence Williams,1998,no,Clarence,male,,
Beat-Reporting,Los Angeles Times,,Chuck Philips,1999,no,Chuck,male,,
Feature-Photography,Los Angeles Times,,Carolyn Cole,2004,no,Carolyn,female,,
Editorial-Cartooning,Los Angeles Times,,Bruce Alexander Russell,1946,no,Bruce,male,,
Editorial-Writing,Los Angeles Times,,Bob Sipchen,2002,no,Bob,male,,
Explanatory-Reporting,Los Angeles Times,,Bettina Boxall,2009,no,Bettina,female,,
Feature-Writing,Los Angeles Times,,Barry Siegel,2002,no,Barry,male,,
Feature-Photography,Los Angeles Times,,Barbara Davidson,2011,no,Barbara,female,,
Editorial-Writing,Los Angeles Times,,Alex Raksin,2002,no,Alex,male,,
National-Reporting,Los Angeles Times,,Alan Miller,2003,no,Alan,male,,
Editorial-Writing,Lexington (MS) Advertiser,,Hazel Brannon Smith,1964,no,Hazel,female,,
Editorial-Writing,Lexington (KY) Herald-Leader,,Maria Henson,1992,no,Maria,mostly_female,,
Editorial-Cartooning,Lexington (KY) Herald-Leader,,Joel Pett,2000,no,Joel,male,,
Investigative-Reporting,Lexington (KY) Herald-Leader,,Michael M. York,1986,no,Michael,male,,
Investigative-Reporting,Lexington (KY) Herald-Leader,,Jeffrey A. Marx,1986,no,Jeffrey,male,,
Public-Service,Las Vegas Sun,,Alexandra Berzon,2009,no,Alexandra,female,,
Criticism,LA Weekly,,Jonathan Gold,2007,no,Jonathan,male,,
Photography,La Republica,,Hector Rondon,1963,no,Hector,male,,
National-Reporting,Knight Newspapers,,Robert Boyd,1973,no,Robert,male,,
Editorial-Writing,Knight Newspapers,,John S. Knight,1968,no,John,male,,
National-Reporting,Knight Newspapers,,Clark Hoyt,1973,no,Clark,male,,
National-Reporting,The Kansas City Star,,Mike McGraw,1992,no,Mike,male,,
National-Reporting,The Kansas City Star,,Jeff Taylor,1992,no,Jeff,male,,
Editorial-Writing,Kansas City (MO) Star,,Henry J. Haskell,1944,no,Henry,male,,
Local-Reporting;-No-Edition-Time,Kansas City (MO) Star,,Alvin Scott McCoy,1954,no,Alvin,male,,
Reporting,Kansas City (MO) Star,,A. B. MacDonald,1931,no,A.,andy,,
Spot-News-Photography,Jacksonville Journal,,Rocco Morabito,1968,no,Rocco,male,,
Editorial-Writing,Jackson (MI) Citizen Patriot,,Carl M. Saunders,1950,no,Carl,male,,
Editorial-Cartooning,Investor's Business Daily,,Michael Ramirez,2008,no,Michael,male,,
International-Reporting,International News Service,,William Randolph Hearst Jr.,1956,no,William,male,,
International-Reporting,International News Service,,J. Kingsbury-Smith,1956,no,J.,andy,,
International-Reporting,International News Service,,Frank Conniff,1956,no,Frank,male,,
National-Reporting,InsideClimate News,,Lisa Song,2013,no,Lisa,female,,
National-Reporting,InsideClimate News,,Elizabeth McGowan,2013,no,Elizabeth,female,,
National-Reporting,InsideClimate News,,David Hasemyer,2013,no,David,male,,
Local-General-or-Spot-News-Reporting,Hungry Horse News,,Melvin H. Ruder,1965,no,Melvin,male,,
Local-Investigative-Specialized-Reporting,Houston Post,,Gene Goltz,1965,no,Gene,mostly_male,,
Commentary,Houston Chronicle,,Lisa Falkenberg,2015,no,Lisa,female,,
Explanatory-Journalism,Hartford (CT) Courant,,Robert S. Capers,1992,no,Robert,male,,
Explanatory-Journalism,Hartford (CT) Courant,,Eric Lipton,1992,no,Eric,male,,
Explanatory-Reporting,Great Falls (Mont.) Tribune,,Eric Newhouse,2000,no,Eric,male,,
Editorial-Writing,Georgia Gazette,,Albert Scardino,1984,no,Albert,male,,
National-Reporting,Gannett News Service,,Rochelle Sharpe,1991,no,Rochelle,female,,
National-Reporting,Gannett News Service,,Marjie Lundstrom,1991,no,Marjie,andy,,
Editorial-Writing,The Gainesville (FL) Sun,,John R. Harrison,1965,no,John,male,,
Editorial-Writing,Fremont (NE) Tribune,,Charles S. Ryckman,1931,no,Charles,male,,
Feature-Photography,freelance photographer,The New York Times,Daniel Berehulak,2015,no,Daniel,male,,
Spot-News-Photography,freelance photographer,,Ron Olshwanger,1989,no,Ron,male,,
Feature-Photography,freelance photographer,,Javier Manzano,2013,no,Javier,mostly_male,,
Spot-News-Photography,freelance photographer,,Charles Porter IV,1996,no,Charles,male,,
Spot-News-Photography,freelance photographer,,Anthony K. Roberts,1974,no,Anthony,male,,
Spot-News-Photography,Fort Worth (TX) Star-Telegram,,Larry C. Price,1981,no,Larry,male,,
Photography,Flint (MI) Journal,,William M. Gallagher,1953,no,William,male,,
Editorial-Writing,Evening World Herald,,Harvey E. Newbranch,1920,no,Harvey,male,,
Spot-News-Photography,Ettela'at,,Jahangir Razmi,1980,no,Jahangir,male,,
Editorial-Writing,Emporia (KS) Gazette,,William Allen White,1923,no,William,male,,
Feature-Photography,Ebony Magazine,,Moneta Sleet Jr.,1969,no,Moneta,andy,,
Local-Reporting,East Valley Tribune,,Ryan Gabrielson,2009,no,Ryan,mostly_male,,
Local-Reporting,East Valley Tribune,,Paul Giblin,2009,no,Paul,male,,
International-Reporting,Dispatch News Service,,Seymour M. Hersh,1970,no,Seymour,male,,
Reporting,Detroit Free Press,,W.C. Richards,1932,no,W.C.,andy,,
Feature-Photography,Detroit Free Press,,Taro M. Yamasaki,1981,no,Taro,male,,
Commentary,Detroit Free Press,,Stephen Henderson,2014,no,Stephen,male,,
Editorial-Writing,Detroit Free Press,,Royce Howes,1955,no,Royce,male,,
Feature-Photography,Detroit Free Press,,Manny Crisostomo,1989,no,Manny,mostly_male,,
Local-Reporting,Detroit Free Press,,M.L. Elrick,2009,no,M.L.,andy,,
Local-Reporting;-Edition-Time,Detroit Free Press,,Lee Hills,1956,no,Lee,mostly_male,,
Local-Reporting,Detroit Free Press,,Jim Schaefer,2009,no,Jim,male,,
Reporting,Detroit Free Press,,J.S. Pooler,1932,no,J.S.,andy,,
Reporting,Detroit Free Press,,J.N.W. Sloan,1932,no,J.N.W.,andy,,
Reporting,Detroit Free Press,,F.D. Webb,1932,no,F.D.,andy,,
Feature-Photography,Detroit Free Press,,David C. Turnley,1990,no,David,male,,
Reporting,Detroit Free Press,,D.D. Martin,1932,no,D.D.,andy,,
Local-Reporting;-Edition-Time,Deseret News,,Robert D. Mulllins,1962,no,Robert,male,,
Photography,Des Moines Register,,John Robinson,1952,no,John,male,,
Photography,Des Moines Register,,Don Ultang,1952,no,Don,male,,
National-Reporting,Des Moines Register,,Clark Mollenhoff,1958,no,Clark,male,,
National-Reporting,Des Moines Register,,Richard Wilson,1954,no,Richard,male,,
Editorial-Cartooning,Des Moines Register,,Jay Norwood Darling,1943,no,Jay,male,,
Editorial-Cartooning,Des Moines Register,,Jay Norwood Darling,1924,no,Jay,male,,
National-Reporting,Des Moines Register,,Thomas J. Knudson,1985,no,Thomas,male,,
National-Reporting,Des Moines Register,,James Risser,1979,no,James,male,,
National-Reporting,Des Moines Register,,James Risser,1976,no,James,male,,
Editorial-Cartooning,Des Moines Register,,Frank Miller,1963,no,Frank,male,,
Feature-Photography,Des Moines Register,,David Peterson,1987,no,David,male,,
National-Reporting,Dayton Daily News,,Russell Carollo,1998,no,Russell,male,,
National-Reporting,Dayton Daily News,,Jeff Nesmith,1998,no,Jeff,male,,
Editorial-Cartooning,Dayton Daily News,,Mike Peters,1981,no,Mike,male,,
Photography,Dallas Times Herald,,Robert H. Jackson,1964,no,Robert,male,,
Feature-Photography,Dallas Times Herald,,James B. Dickman,1983,no,James,male,,
Feature-Photography,Dallas Times Herald,,Erwin H. Hagler,1980,no,Erwin,male,,
Investigative-Reporting,The Dallas Morning News,,Lorraine Adams,1992,no,Lorraine,female,,
Investigative-Reporting,The Dallas Morning News,,Dan Malone,1992,no,Dan,male,,
Editorial-Cartooning,Daily Oklahoman,,Charles G. Werner,1939,no,Charles,male,,
Local-Reporting,Daily Breeze,,Rob Kuznia,2015,no,Rob,male,,
Local-Reporting,Daily Breeze,,Rebecca Kimitch,2015,no,Rebecca,female,,
Local-Reporting,Daily Breeze,,Frank Suraci,2015,no,Frank,male,,
Local-Reporting;-No-Edition-Time,Cuero (TX) Record,,Roland Kenneth Towery,1955,no,Roland,male,,
Feature-Photography,Concord (NH) Monitor,,Preston Gannaway,2008,no,Preston,male,,
Editorial-Cartooning,Commercial Appeal,,Michael P. Ramirez,1994,no,Michael,male,,
Feature-Writing,Colorado Springs Gazette Telegraph,,Dave Curtin,1990,no,Dave,male,,
Editorial-Cartooning,Cleveland Plain Dealer,,Edward D. Kuekes,1953,no,Edward,male,,
International-Reporting,Chicago Tribune,,William Mullen,1975,no,William,male,,
Local-Investigative-Specialized-Reporting,Chicago Tribune,,William Jones,1971,no,William,male,,
Investigative-Reporting,Chicago Tribune,,William Gaines,1988,no,William,male,,
Correspondence,Chicago Tribune,,Wilfred C. Barber,1936,no,Wilfred,male,,
Explanatory-Journalism,Chicago Tribune,,Ronald Kotulak,1994,no,Ronald,male,,
Editorial-Cartooning,Chicago Tribune,,Richard Locher,1983,no,Richard,male,,
Editorial-Writing,Chicago Tribune,,R. Bruce Dold,1994,no,R.,andy,,
Explanatory-Journalism,Chicago Tribune,,Peter Gorner,1987,no,Peter,male,,
International-Reporting,Chicago Tribune,,Paul Salopek,2001,no,Paul,male,,
Criticism,Chicago Tribune,,Paul Gapp,1979,no,Paul,male,,
Explanatory-Reporting,Chicago Tribune,,Paul F. Salopek,1998,no,Paul,male,,
International-Reporting,Chicago Tribune,,Ovie Carter,1975,no,Ovie,andy,,
Editorial-Writing,Chicago Tribune,,Lois Wille,1989,no,Lois,female,,
Feature-Writing,Chicago Tribune,,Julia Keller,2005,no,Julia,female,,
Editorial-Cartooning,Chicago Tribune,,John T. McCutcheon,1932,no,John,male,,
Editorial-Cartooning,Chicago Tribune,,Jeff MacNelly,1985,no,Jeff,male,,
Explanatory-Journalism,Chicago Tribune,,Jeff Lyon,1987,no,Jeff,male,,
Editorial-Writing,Chicago Tribune,,Jack Fuller,1986,no,Jack,male,,
Local-Reporting;-No-Edition-Time,Chicago Tribune,,George Bliss,1962,no,George,male,,
Investigative-Reporting,Chicago Tribune,,Dean Baquet,1988,no,Dean,male,,
Editorial-Writing,Chicago Tribune,,Cornelia Grumman,2003,no,Cornelia,female,,
Commentary,Chicago Tribune,,Clarence Page,1989,no,Clarence,male,,
Editorial-Cartooning,Chicago Tribune,,Carey Orr,1961,no,Carey,andy,,
Criticism,Chicago Tribune,,Blair Kamin,1999,no,Blair,andy,,
Investigative-Reporting,Chicago Tribune,,Ann Marie Lipinski,1988,no,Ann,female,,
Editorial-Cartooning,Chicago Times,,Jacob Burck,1941,no,Jacob,male,,
Local-General-or-Spot-News-Reporting,Chicago Sun-Times,,Thomas Fitzpatrick,1970,no,Thomas,male,,
Criticism,Chicago Sun-Times,,Ronald Powers,1973,no,Ronald,male,,
Criticism,Chicago Sun-Times,,Roger Ebert,1975,no,Roger,male,,
Local-Reporting,Chicago Sun-Times,,Mark Konkol,2011,no,Mark,male,,
Local-Reporting,Chicago Sun-Times,,John J. Kim,2011,no,John,male,,
Feature-Photography,Chicago Sun-Times,,John H. White,1982,no,John,male,,
Editorial-Cartooning,Chicago Sun-Times,,Jack Higgins,1989,no,Jack,male,,
Feature-Photography,Chicago Sun-Times,,Jack Dykinga,1971,no,Jack,male,,
Local-General-or-Spot-News-Reporting,Chicago Sun-Times,,Hugh F. Hough,1974,no,Hugh,male,,
Local-Reporting,Chicago Sun-Times,,Frank Main,2011,no,Frank,male,,
Local-General-or-Spot-News-Reporting,Chicago Sun-Times,,Arthur M. Petacque,1974,no,Arthur,male,,
National-Reporting,Chicago Daily News,,William J. Eaton,1970,no,William,male,,
Editorial-Cartooning,Chicago Daily News,,Vaughn Shoemaker,1947,no,Vaughn,male,,
Editorial-Cartooning,Chicago Daily News,,Vaughn Shoemaker,1938,no,Vaughn,male,,
Correspondence,Chicago Daily News,,Paul Scott Mowrer,1929,no,Paul,male,,
Commentary,Chicago Daily News,,Mike Royko,1972,no,Mike,male,,
Editorial-Cartooning,Chicago Daily News,,John Fischetti,1969,no,John,male,,
Reporting,Chicago Daily News,,James W. Mulroy,1925,no,James,male,,
Reporting,Chicago Daily News,,George Weller,1943,no,George,male,,
Correspondence,Chicago Daily News,,Edgar Ansel Mowrer,1933,no,Edgar,male,,
Reporting,Chicago Daily News,,Alvin H. Goldstein,1925,no,Alvin,male,,
National-Reporting,Chattanooga Times,,Charles L. Bartlett,1956,no,Charles,male,,
Feature-Photography,Chattanooga News-Free Press,,Robin Hood,1977,no,Robin,mostly_male,,
Editorial-Writing,Charleston (WV) Daily Mail,,John Daniell Maurice,1975,no,John,male,,
Local-General-or-Spot-News-Reporting,Chambersburg (Pennsylvania) Public Opinion,,Robert V. Cox,1967,no,Robert,male,,
Local-Reporting;-No-Edition-Time,Buffalo (NY) Evening News,,Edgar May,1961,no,Edgar,male,,
Editorial-Cartooning,Buffalo (NY) Evening News,,Bruce M. Shanks,1958,no,Bruce,male,,
Editorial-Cartooning,Brooklyn Daily Eagle,,Nelson Harding,1928,no,Nelson,male,,
Editorial-Cartooning,Brooklyn Daily Eagle,,Nelson Harding,1927,no,Nelson,male,,
Editorial-Cartooning,Brooklyn Daily Eagle,,Charles R. Macauley,1930,no,Charles,male,,
Photography,Boston Traveler,,Harry A. Trask,1957,no,Harry,male,,
Photography,Boston Traveler,,Frank Cushing,1948,no,Frank,male,,
Spot-News-Photography,Boston Herald American,,Stanley Forman,1977,no,Stanley,male,,
Spot-News-Photography,Boston Herald American,,Stanley Forman,1976,no,Stanley,male,,
Editorial-Writing,Boston Herald,,F. Lauriston Bullard,1927,no,F.,andy,,
Editorial-Writing,Boston Herald,,Don Murray,1954,no,Don,male,,
Explanatory-Reporting,Bloomberg News,,Zachary R. Mider,2015,no,Zachary,male,,
Feature-Photography,Block Newspapers,,John Kaplan,1992,no,John,male,,
Editorial-Writing,Bethlehem (PA) Globe-Times,,John Strohmeyer,1972,no,John,male,,
Editorial-Writing,Berkshire Eagle,,Roger B. Linscott,1973,no,Roger,male,,
Feature-Writing,Baltimore Evening Suncategory,,Jon D. Franklin,1979,no,Jon,male,,
Editorial-Cartooning,Austin (TX) American-Statesman,,Ben Sargent,1982,no,Ben,male,,
Editorial-Writing,Atlantic (IA) News-Telegraph,,E. P. Chase,1934,no,E.,andy,,
National-Reporting,Associated Press,,Walter Mears,1977,no,Walter,male,,
Spot-News-Photography,Associated Press,,Steve Starr,1970,no,Steve,male,,
Feature-Photography,Associated Press,,Slava Veder,1974,no,Slava,mostly_male,,
Feature-Writing,Associated Press,,Saul Pett,1982,no,Saul,male,,
Investigative-Reporting,Associated Press,,Sang-Hun Choe,2000,no,Sang-Hun,male,,
Spot-News-Photography,Associated Press,,Ron Edmonds,1982,no,Ron,male,,
Breaking-News-Photography,Associated Press,,Rodrigo Abd,2013,no,Rodrigo,male,,
National-Reporting,Associated Press,,Relman Morin,1958,no,Relman,andy,,
International-Reporting,Associated Press,,Peter Arnett,1966,no,Peter,male,,
Photography,Associated Press,,Paul Vathis,1962,no,Paul,male,,
Breaking-News-Photography,Associated Press,,Oded Balilty,2007,no,Oded,male,,
Spot-News-Photography,Associated Press,,Neal Ulevich,1977,no,Neal,male,,
Breaking-News-Photography,Associated Press,,Narciso Contreras,2013,no,Narciso,male,,
Breaking-News-Photography,Associated Press,,Muhammed Muheisen,2013,no,Muhammed,male,,
Spot-News-Photography,Associated Press,,Michel Laurent,1972,no,Michel,male,,
Photography,Associated Press,,Max Desfor,1951,no,Max,male,,
Investigative-Reporting,Associated Press,,Martha Mendoza,2000,no,Martha,female,,
International-Reporting,Associated Press,,Mark Fritz,1995,no,Mark,male,,
Breaking-News-Photography,Associated Press,,Manu Brabo,2013,no,Manu,male,,
International-Reporting,Associated Press,,Lynn Heinzerling,1961,no,Lynn,mostly_female,,
Correspondence,Associated Press,,Louis P. Lochner,1939,no,Louis,male,,
Telegraphic-Reporting-(International),Associated Press,,Laurence Edmund Allen,1942,no,Laurence,female,,
Reporting,Associated Press,,Kirke L. Simpson,1922,no,Kirke,andy,,
Breaking-News-Photography,Associated Press,,Khalil Hamra,2013,no,Khalil,male,,
International-Reporting,Associated Press,,John M. Hightower,1952,no,John,male,,
Photography,Associated Press,,Joe Rosenthal,1945,no,Joe,male,,
Photography,Associated Press,,Jack R. Thornell,1967,no,Jack,male,,
Feature-Photography,Associated Press,,J. Ross Baughman,1978,no,J.,andy,,
Spot-News-Photography,Associated Press,,Huynh Cong Ut,1973,no,Huynh,andy,,
Photography,Associated Press,,Horst Faas,1965,no,Horst,male,,
Spot-News-Photography,Associated Press,,Horst Faas,1972,no,Horst,male,,
Correspondence,Associated Press,,Harold V. (Hal) Boyl,1945,no,Harold,male,,
Spot-News-Photography,Associated Press,,Greg Marinovich,1991,no,Greg,male,,
Photography,Associated Press,,Frank Noel,1943,no,Frank,male,,
Photography,Associated Press,,Frank Filan,1944,no,Frank,male,,
Reporting,Associated Press,,Francis A. Jamieson,1933,no,Francis,male,,
Spot-News-Photography,Associated Press,,Edward T. Adams,1969,no,Edward,male,,
Telegraphic-Reporting-(International),Associated Press,,Eddy Gilmore,1947,no,Eddy,male,,
National-Reporting,Associated Press,,Don Whitehead,1953,no,Don,male,,
Telegraphic-Reporting-(International),Associated Press,,Daniel De Luce,1944,no,Daniel,male,,
Investigative-Reporting,Associated Press,,Charles J. Hanley,2000,no,Charles,male,,
Spot-News-Photography,Associated Press,,Bill Foley,1983,no,Bill,male,,
Photography,Associated Press,,Arnold Hardy,1947,no,Arnold,male,,
Feature-Photography,Associated Press,,Alexander Zemlianichenko,1997,no,Alexander,male,,
Breaking-News-Photography,Associated Press,,Alan Diaz,2001,no,Alan,male,,
Editorial-Cartooning,Asbury Park Press,,Stephen P. Breen,1998,no,Stephen,male,,
Editorial-Writing,Arkansas Gazette,,Harry S. Ashmore,1958,no,Harry,male,,
Editorial-Cartooning,The Arizona Republic,,Reg (Reginald W.) Manning,1951,no,Reg,male,,
Newspaper-History-Award,American Press,,Minna Lewinson,1918,no,Minna,female,,
Newspaper-History-Award,American Press,,Henry Beetle Hough,1918,no,Henry,male,,
Local-Reporting;-Edition-Time,Alice (TX) Daily Echo,,Caro Brown,1955,no,Caro,female,,
National-Reporting,Albuquerque Tribune,,Eileen Welsome,1994,no,Eileen,female,,
Specialized-Reporting,Albuquerque Journal,,Tamar Stieber,1990,no,Tamar,female,,
Breaking-News-Photography,Agence France-Presse,,Massoud Hossaini,2012,no,Massoud,male,,
National-Reporting,a syndicated columnist,,Jack Anderson,1972,no,Jack,male,,
Feature-Photography,freelance photographer,,Stephanie Welsh,1996,no,Stephanie,female,,
Feature-Photography,freelance photographer,,Kevin Carter,1994,no,Kevin,male,,