,name,gender_add,year,category,publication
0,Caryle Murphy,female,1991,International-Reporting,The Washington Post
1,E.R. Shipp,female,1996,Commentary,New York Daily News
2,Jackie Crosby,female,1985,Specialized-Reporting,Macon (GA) Telegraph and News
3,Jo Becker,female,2008,National-Reporting,The Washington Post
4,Marjie Lundstrom,female,1991,National-Reporting,Gannett News Service
5,Paige St. John,female,2011,Investigative-Reporting,Sarasota Herald-Tribune
6,Ren_e C. Byer,female,2007,Feature-Photography,The Sacramento Bee
7,Ada Louise Huxtable,female,1970,Criticism,The New York Times
8,Alejandra Xanic von Bertrab,female,2013,Investigative-Reporting,The New York Times
9,Alexandra Berzon,female,2009,Public-Service,Las Vegas Sun
10,Alice Steinbach,female,1985,Feature-Writing,The Baltimore Sun
11,Alison Sherwood,female,2011,Explanatory-Reporting,Milwaukee Journal Sentinel
12,Alix M. Freedman,female,1996,National-Reporting,The Wall Street Journal
13,Amy Dockser Marcus,female,2005,Beat-Reporting,The Wall Street Journal
14,Amy Ellis Nutt,female,2011,Feature-Writing,The Star-Ledger
15,Amy Harmon,female,2008,Explanatory-Reporting,The New York Times
16,Andrea Elliott,female,2007,Feature-Writing,The New York Times
17,Ann Desantis,female,1972,Local-Investigative-Specialized-Reporting,The Boston Globe
18,Ann Marie Lipinski,female,1988,Investigative-Reporting,Chicago Tribune
19,Ann Telnaes,female,2001,Editorial-Cartooning,Tribune Media Services
20,Anna Quindlen,female,1992,Commentary,The New York Times
21,Anne O'Hare McCormick,female,1937,Correspondence,The New York Times
22,Annie Wells,female,1997,Spot-News-Photography,The Press Democrat
23,April Saul,female,1997,Explanatory-Journalism,The Philadelphia Inquirer
24,Barbara Davidson,female,2011,Feature-Photography,Los Angeles Times
25,Barbara Laker,female,2010,Investigative-Reporting,The Philadelphia Daily News
26,Bette Swenson Orsini,female,1980,National-Reporting,St. Petersburg (FL) Times
27,Bettina Boxall,female,2009,Explanatory-Reporting,Los Angeles Times
28,Beverly Weintraub,female,2007,Editorial-Writing,New York Daily News
29,Caro Brown,female,1955,Local-Reporting;-Edition-Time,Alice (TX) Daily Echo
30,Carol D. Leonnig,female,2015,National-Reporting,The Washington Post
31,Carol Guzy,female,1986,Spot-News-Photography,The Miami Herald
32,Carolyn Cole,female,2004,Feature-Photography,Los Angeles Times
33,Cheryl Diaz Meyer,female,2004,Breaking-News-Photography,The Dallas Morning News
34,Colleen McCain Nelson,female,2010,Editorial-Writing,The Dallas Morning News
35,Connie Schultz,female,2005,Commentary,The Plain Dealer
36,Cornelia Grumman,female,2003,Editorial-Writing,Chicago Tribune
37,Cynthia Tucker,female,2007,Commentary,The Atlanta Journal-Constitution
38,Dana Priest,female,2006,Beat-Reporting,The Washington Post
39,Deanne Fitzmaurice,female,2005,Feature-Photography,San Francisco Chronicle
40,Debbie Cenziper,female,2007,Local-Reporting,The Miami Herald
41,Deborah Blum,female,1992,Beat-Reporting,The Sacramento (CA) Bee
42,Deborah Nelson,female,1997,Investigative-Reporting,The Seattle Times
43,Diana K. Sugg,female,2003,Beat-Reporting,The Baltimore Sun
44,Diana Marcum,female,2015,Feature-Writing,Los Angeles Times
45,Dorothy Rabinowitz,female,2001,Commentary,The Wall Street Journal
46,Edna Buchanan,female,1986,General-News-Reporting,The Miami Herald
47,Eileen McNamara,female,1997,Commentary,The Boston Globe
48,Eileen Sullivan,female,2012,Investigative-Reporting,Associated Press
49,Eileen Welsome,female,1994,National-Reporting,Albuquerque Tribune
50,Eli Sanders,female,2012,Feature-Writing,The Stranger
51,Eli Saslow,female,2014,Explanatory-Reporting,The Washington Post
52,Elizabeth McGowan,female,2013,National-Reporting,InsideClimate News
53,Ellen Barry,female,2011,International-Reporting,The New York Times
54,Ellen H. Goodman,female,1980,Commentary,The Boston Globe
55,Emily Genauer,female,1974,Criticism,Newsday Syndicate
56,Gail Caldwell,female,2001,Criticism,The Boston Globe
57,Gretchen Morgenson,female,2002,Beat-Reporting,The New York Times
58,Hazel Brannon Smith,female,1964,Editorial-Writing,Lexington (MS) Advertiser
59,Heidi Evans,female,2007,Editorial-Writing,New York Daily News
60,Inga Saffron,female,2014,Criticism,The Philadelphia Inquirer
61,Ira B. Harkey,female,1963,Editorial-Writing,Pascagoula (MS) Chronicle
62,Ira Wolfert,female,1943,Telegraphic-Reporting-(International),"North American Newspaper Alliance, Inc."
63,Isabel Wilkerson,female,1994,Feature-Writing,The New York Times
64,Jacqui Banaszynski,female,1988,Feature-Writing,St. Paul Pioneer Press
65,Jane Healy,female,1988,Editorial-Writing,Orlando Sentinel
66,Joan Fitz Gerald,female,1984,Local-Investigative-Specialized-Reporting,The Boston Globe
67,Joan Vennochi,female,1980,Local-Investigative-Specialized-Reporting,The Boston Globe
68,Julia Keller,female,2005,Feature-Writing,Chicago Tribune
69,Julie Cart,female,2009,Explanatory-Reporting,Los Angeles Times
70,Karen Blessen,female,1989,Explanatory-Journalism,The Dallas Morning News
71,Karen Elliott House,female,1984,International-Reporting,The Wall Street Journal
72,Katherine Boo,female,2000,Public-Service,The Washington Post
73,Katherine Ellison,female,1986,International-Reporting,San Jose (CA) Mercury News
74,Kathleen Gallagher,female,2011,Explanatory-Reporting,Milwaukee Journal Sentinel
75,Kathleen Kingsbury,female,2015,Editorial-Writing,The Boston Globe
76,Kathleen Parker,female,2010,Commentary,The Washington Post
77,Kim Komenich,female,1987,Spot-News-Photography,San Francisco Examiner
78,Kim Murphy,female,2005,International-Reporting,Los Angeles Times
79,Lauren D. Lyman,female,1936,Reporting,The New York Times
80,Lauren K. Soth,female,1956,Editorial-Writing,Register and Tribune
81,Laurence Edmund Allen,female,1942,Telegraphic-Reporting-(International),Associated Press
82,Laurie Garrett,female,1996,Explanatory-Journalism,Newsday
83,Linda Greenhouse,female,1998,Beat-Reporting,The New York Times
84,Lisa Falkenberg,female,2015,Commentary,Houston Chronicle
85,Lisa Pollak,female,1997,Feature-Writing,The Baltimore Sun
86,Lisa Song,female,2013,National-Reporting,InsideClimate News
87,Liz Balmaseda,female,1993,Commentary,The Miami Herald
88,Lois Wille,female,1989,Editorial-Writing,Chicago Tribune
89,Loretta Tofani,female,1983,Local-Investigative-Specialized-Reporting,The Washington Post
90,Lorraine Adams,female,1992,Investigative-Reporting,The Dallas Morning News
91,Lucinda Franks,female,1971,National-Reporting,United Press Internationalcategory
92,Lucy Morgan,female,1985,Investigative-Reporting,St. Petersburg (FL) Times
93,Lynn Heinzerling,female,1961,International-Reporting,Associated Press
94,Madeleine Blais,female,1980,Feature-Writing,The Miami Herald
95,Manuela Hoelterhoff,female,1983,Criticism,The Wall Street Journal
96,Margo Huston,female,1977,Local-General-or-Spot-News-Reporting,The Milwaukee Journal
97,Margo Jefferson,female,1995,Criticism,The New York Times
98,Marguerite Higgins,female,1951,International-Reporting,New York Herald Tribune
99,Maria Henson,female,1992,Editorial-Writing,Lexington (KY) Herald-Leader
100,Martha Mendoza,female,2000,Investigative-Reporting,Associated Press
101,Martha Rial,female,1998,Spot-News-Photography,Pittsburgh Post-Gazette
102,Mary Ann Gwinn,female,1990,National-Reporting,The Seattle Times
103,Mary Chind,female,2010,Breaking-News-Photography,Des Moines Register
104,Mary Jordan,female,2003,International-Reporting,The Washington Post
105,Mary Lou Werner,female,1959,Local-Reporting;-Edition-Time,The Evening Star
106,Mary McGrory,female,1975,Commentary,The Washington Star
107,Mary McNamara,female,2015,Criticism,Los Angeles Times
108,Mary Pat Flaherty,female,1986,Specialized-Reporting,The Pittsburgh Press
109,Mary Schmich,female,2012,Commentary,Chicago Tribune
110,Maureen Dowd,female,1999,Commentary,The New York Times
111,Meg Greenfield,female,1978,Editorial-Writing,The Washington Post
112,Melanie Sill,female,1996,Public-Service,The News & Observer
113,Michiko Kakutani,female,1998,Criticism,The New York Times
114,Minna Lewinson,female,1918,Newspaper-History-Award,American Press
115,Miriam Ottenberg,female,1960,Local-Reporting;-No-Edition-Time,The Evening Star
116,Nan Robertson,female,1983,Feature-Writing,The New York Times
117,Natalie Angier,female,1991,Beat-Reporting,The New York Times
118,Nikki Kahn,female,2011,Breaking-News-Photography,The Washington Post
119,Raquel Rutledge,female,2010,Local-Reporting,Milwaukee Journal Sentinel
120,Rebecca Kimitch,female,2015,Local-Reporting,Daily Breeze
121,Rochelle Sharpe,female,1991,National-Reporting,Gannett News Service
122,Sara Ganim,female,2012,Local-Reporting,The Patriot-News
123,Sarah Cohen,female,2002,Investigative-Reporting,The Washington Post
124,Sarah Kaufman,female,2010,Criticism,The Washington Post
125,Sari Horwitz,female,2002,Investigative-Reporting,The Washington Post
126,Sheri Fink,female,2010,Investigative-Reporting,"ProPublica, in collaboration with The New York Times Magazine"
127,Sheryl James,female,1991,Feature-Writing,St. Petersburg (FL) Times
128,Sheryl Wu Dunn,female,1990,International-Reporting,The New York Times
129,Shirley Christian,female,1980,International-Reporting,The Miami Herald
130,Signe Wilkinson,female,1992,Editorial-Cartooning,The Philadelphia Daily News
131,Sonia Nazario,female,2003,Feature-Writing,Los Angeles Times
132,Stephanie Saul,female,1995,Investigative-Reporting,Newsday
133,Stephanie Welsh,female,1996,Feature-Photography,freelance photographer
134,Susan C. Faludi,female,1991,Explanatory-Journalism,The Wall Street Journal
135,Susan M. Headden,female,1991,Investigative-Reporting,The Indianapolis Star
136,Susan Schmidt,female,2006,Investigative-Reporting,The Washington Post
137,Tamar Stieber,female,1990,Specialized-Reporting,Albuquerque Journal
138,Teresa Carpenter,female,1981,Feature-Writing,The Village Voice
139,Usha Lee McFarling,female,2007,Explanatory-Reporting,Los Angeles Times
140,Wendy Ruderman,female,2010,Investigative-Reporting,The Philadelphia Daily News
141,A. B. MacDonald,male,1931,Reporting,Kansas City (MO) Star
142,A. M. Rosenthal,male,1960,International-Reporting,The New York Times
143,Acel Moore,male,1977,Local-Investigative-Specialized-Reporting,The Philadelphia Inquirer
144,Adrees Latif,male,2008,Breaking-News-Photography,Reuters
145,Alva Johnston,male,1923,Reporting,The New York Times
146,Blair Kamin,male,1999,Criticism,Chicago Tribune
147,C.D. Batchelor,male,1937,Editorial-Cartooning,New York Daily News
148,Carey Orr,male,1961,Editorial-Cartooning,Chicago Tribune
149,D. R. Fitzpatrick,male,1926,Editorial-Cartooning,St. Louis Post-Dispatch
150,Dele Olojede,male,2005,International-Reporting,Newsday
151,F. Gilman Spencer,male,1974,Editorial-Writing,The Trentonian
152,F. Lauriston Bullard,male,1927,Editorial-Writing,Boston Herald
153,H. G. Bissinger,male,1987,Investigative-Reporting,The Philadelphia Inquirer
154,H. M. Talburt,male,1933,Editorial-Cartooning,Washington Daily News
155,H. R. Knickerbocker,male,1931,Correspondence,Philadelphia Public Ledger and New York Evening Post
156,Hanson W. Baldwin,male,1943,Correspondence,The New York Times
157,Haynes Johnson,male,1966,National-Reporting,Washington Evening Star
158,Hedrick Smith,male,1974,International-Reporting,The New York Times
159,Hodding Carter,male,1946,Editorial-Writing,The Delta Democrat-Times
160,Holland Cotter,male,2009,Criticism,The New York Times
161,Horance G. Davis Jr.,male,1971,Editorial-Writing,The Gainesville (FL) Sun
162,Huynh Cong Ut,male,1973,Spot-News-Photography,Associated Press
163,J. A. Livingston,male,1965,International-Reporting,The Philadelphia Bulletin
164,J. Anthony Lukas,male,1968,Local-Investigative-Specialized-Reporting,The New York Times
165,J. Ross Baughman,male,1978,Feature-Photography,Associated Press
166,J.R. Moehringer,male,2000,Feature-Writing,Los Angeles Times
167,Joby Warrick,male,1996,Public-Service,The News & Observer
168,Kirke L. Simpson,male,1922,Reporting,Associated Press
169,Lenoir Chambers,male,1960,Editorial-Writing,Norfolk Virginian-Pilot
170,M.L. Elrick,male,2009,Local-Reporting,Detroit Free Press
171,Magner White,male,1924,Reporting,San Diego Sun
172,Merriman Smith,male,1964,National-Reporting,United Press Internationalcategory
173,Meyer Berger,male,1950,Local-Reporting,The New York Times
174,Moneta Sleet Jr.,male,1969,Feature-Photography,Ebony Magazine
175,Ovie Carter,male,1975,International-Reporting,Chicago Tribune
176,Ozier Muhammad,male,1985,International-Reporting,Newsday
177,Pat Stith,male,1996,Public-Service,The News & Observer
178,R. Bruce Dold,male,1994,Editorial-Writing,Chicago Tribune
179,R. Jeffrey Smith,male,2006,Investigative-Reporting,The Washington Post
180,R. John Hughes,male,1967,International-Reporting,The Christian Science Monitor
181,Sanche De Gramont,male,1961,Local-Reporting;-Edition-Time,New York Herald Tribune
182,Sergeant Bill Mauldin,male,1945,Editorial-Cartooning,"United Feature Syndicate, Inc."
183,Sylvan Fox,male,1963,Local-Reporting;-Edition-Time,New York World-Telegram
184,Vermont Connecticut Royster,male,1953,Editorial-Writing,The Wall Street Journal
185,Vermont Royster,male,1984,Commentary,The Wall Street Journal
186,Virginius Dabney,male,1948,Editorial-Writing,Richmond Times-Dispatch
187,Westbrook Pegler,male,1941,Reporting,New York World-Telegram
188,Adam Goldman,male,2012,Investigative-Reporting,Associated Press
189,Adam Zyglis,male,2015,Editorial-Cartooning,The Buffalo News
190,Alan Diaz,male,2001,Breaking-News-Photography,Associated Press
191,Alan M. Kriegsman,male,1976,Criticism,The Washington Post
192,Alan Miller,male,2003,National-Reporting,Los Angeles Times
193,Albert L. Delugach,male,1969,Local-Investigative-Specialized-Reporting,St. Louis Globe-Democrat
194,Albert Scardino,male,1984,Editorial-Writing,Georgia Gazette
195,Albert V. Gaudiosi,male,1964,Local-Investigative-Specialized-Reporting,The Philadelphia Bulletin
196,Alex Raksin,male,2002,Editorial-Writing,Los Angeles Times
197,Alex S. Jones,male,1987,Specialized-Reporting,The New York Times
198,Alex Tizon,male,1997,Investigative-Reporting,The Seattle Times
199,Alexander B. Hawes Jr.,male,1980,Local-Investigative-Specialized-Reporting,The Boston Globe
200,Alexander Zemlianichenko,male,1997,Feature-Photography,Associated Press
201,Alfred Friendly,male,1968,International-Reporting,The Washington Post
202,Allan Temko,male,1990,Criticism,San Francisco Chronicle
203,Alvin H. Goldstein,male,1925,Reporting,Chicago Daily News
204,Alvin Scott McCoy,male,1954,Local-Reporting;-No-Edition-Time,Kansas City (MO) Star
205,Andrew Lopez,male,1960,Photography,United Press Internationalcategory
206,Andrew R.C. Marshall,male,2014,International-Reporting,Reuters
207,Andrew Schneider,male,1986,Specialized-Reporting,The Pittsburgh Press
208,Angelo B. Henderson,male,1999,Feature-Writing,The Wall Street Journal
209,Anthony K. Roberts,male,1974,Spot-News-Photography,freelance photographer
210,Anthony Leviero,male,1952,National-Reporting,The New York Times
211,Anthony Lewis,male,1963,National-Reporting,The New York Times
212,Anthony R. Dolan,male,1978,Local-Investigative-Specialized-Reporting,The Stamford (CT) Advocate
213,Anthony Shadid,male,2004,International-Reporting,The Washington Post
214,Anthony Shannon,male,1963,Local-Reporting;-Edition-Time,New York World-Telegram
215,Anthony Suau,male,1984,Feature-Photography,The Denver Post
216,Arnaldo Cortesi,male,1946,Correspondence,The New York Times
217,Arnold Hardy,male,1947,Photography,Associated Press
218,Art Buchwald,male,1982,Commentary,Los Angeles Times
219,Arthur Browne,male,2007,Editorial-Writing,New York Daily News
220,Arthur Daley,male,1956,Local-Reporting;-No-Edition-Time,The New York Times
221,Arthur Howe,male,1986,National-Reporting,The Philadelphia Inquirer
222,Arthur Krock,male,1935,Correspondence,The New York Times
223,Arthur M. Petacque,male,1974,Local-General-or-Spot-News-Reporting,Chicago Sun-Times
224,Austin Wehrwein,male,1953,International-Reporting,The Milwaukee Journal
225,Barry Bearak,male,2002,International-Reporting,The New York Times
226,Barry Siegel,male,2002,Feature-Writing,Los Angeles Times
227,Bart Howard,male,1940,Editorial-Writing,St. Louis Post-Dispatch
228,Barton Gellman,male,2008,National-Reporting,The Washington Post
229,Ben Sargent,male,1982,Editorial-Cartooning,Austin (TX) American-Statesman
230,Berke Breathed,male,1987,Editorial-Cartooning,The Washington Post
231,Bernard L. Stein,male,1998,Editorial-Writing,The Riverdale (NY) Press
232,Bert Andrews,male,1948,National-Reporting,New York Herald Tribune
233,Bill Crouch,male,1950,Photography,Oakland (CA) Tribune
234,Bill Dedman,male,1989,Investigative-Reporting,The Atlanta Journal-Constitution
235,Bill Dietrich,male,1990,National-Reporting,The Seattle Times
236,Bill Foley,male,1983,Spot-News-Photography,Associated Press
237,Bill Keller,male,1989,International-Reporting,The New York Times
238,Bob Keeler,male,1996,Beat-Reporting,Newsday
239,Bob Sipchen,male,2002,Editorial-Writing,Los Angeles Times
240,Brad Schrade,male,2013,Local-Reporting,Star Tribune
241,Bret Stephens,male,2013,Commentary,The Wall Street Journal
242,Brett Blackledge,male,2007,Investigative-Reporting,The Birmingham (AL) News
243,Brian Donovan,male,1995,Investigative-Reporting,Newsday
244,Brian Lanker,male,1973,Feature-Photography,Topeka Capital-Journal
245,Brooks Atkinson,male,1947,Correspondence,The New York Times
246,Bruce Alexander Russell,male,1946,Editorial-Cartooning,Los Angeles Times
247,Bruce M. Shanks,male,1958,Editorial-Cartooning,Buffalo (NY) Evening News
248,Buford Boone,male,1957,Editorial-Writing,Tuscaloosa (AL) News
249,Byron Acohido,male,1997,Beat-Reporting,The Seattle Times
250,Carl M. Saunders,male,1950,Editorial-Writing,Jackson (MI) Citizen Patriot
251,Carlos P. Romulo,male,1942,Correspondence,Philippines Herald
252,Charles G. Ross,male,1932,Correspondence,St. Louis Post-Dispatch
253,Charles G. Werner,male,1939,Editorial-Cartooning,Daily Oklahoman
254,Charles J. Hanley,male,2000,Investigative-Reporting,Associated Press
255,Charles Krauthammer,male,1987,Commentary,The Washington Post
256,Charles L. Bartlett,male,1956,National-Reporting,Chattanooga Times
257,Charles Porter IV,male,1996,Spot-News-Photography,freelance photographer
258,Charles R. Macauley,male,1930,Editorial-Cartooning,Brooklyn Daily Eagle
259,Charles S. Ryckman,male,1931,Editorial-Writing,Fremont (NE) Tribune
260,Charles Stafford,male,1980,National-Reporting,St. Petersburg (FL) Times
261,Charlie Savage,male,2007,National-Reporting,The Boston Globe
262,Chris Hamby,male,2014,Investigative-Reporting,The Center for Public Integrity
263,Chris Hawley,male,2012,Investigative-Reporting,Associated Press
264,Chris Ison,male,1990,Investigative-Reporting,Star Tribune
265,Chuck Philips,male,1999,Beat-Reporting,Los Angeles Times
266,Clarence Page,male,1989,Commentary,Chicago Tribune
267,Clarence Williams,male,1998,Feature-Photography,Los Angeles Times
268,Clark Hallas,male,1981,Local-Investigative-Specialized-Reporting,The Arizona Daily Star
269,Clark Hoyt,male,1973,National-Reporting,Knight Newspapers
270,Clark Mollenhoff,male,1958,National-Reporting,Des Moines Register
271,Claude Sitton,male,1983,Commentary,Raleigh (NC) News & Observer
272,Clay Bennett,male,2002,Editorial-Cartooning,The Christian Science Monitor
273,Clifford J. Levy,male,2003,Investigative-Reporting,The New York Times
274,Clifford K. Berryman,male,1944,Editorial-Cartooning,The Evening Star
275,Colbert I. King,male,2003,Commentary,The Washington Post
276,Craig F. Walker,male,2010,Feature-Photography,The Denver Post
277,Craig Flournoy,male,1986,National-Reporting,The Dallas Morning News
278,Dallas Kinney,male,1970,Feature-Photography,Palm Beach Post
279,Dallas Morning News Team,male,1994,International-Reporting,The Dallas Morning News
280,Damon Winter,male,2009,Feature-Photography,The New York Times
281,Dan Malone,male,1992,Investigative-Reporting,The Dallas Morning News
282,Dan Neil,male,2004,Criticism,Los Angeles Times
283,Daniel Berehulak,male,2015,Feature-Photography,freelance photographer
284,Daniel De Luce,male,1944,Telegraphic-Reporting-(International),Associated Press
285,Daniel Golden,male,2004,Beat-Reporting,The Wall Street Journal
286,Daniel Hertzberg,male,1988,Explanatory-Journalism,The Wall Street Journal
287,Daniel R. Biddle,male,1987,Investigative-Reporting,The Philadelphia Inquirer
288,Daniel R. Fitzpatrick,male,1955,Editorial-Cartooning,St. Louis Post-Dispatch
289,Daniel Ruth,male,2013,Editorial-Writing,Tampa Bay Times
290,Dave Anderson,male,1981,Commentary,The New York Times
291,Dave Barry,male,1988,Commentary,The Miami Herald
292,Dave Curtin,male,1990,Feature-Writing,Colorado Springs Gazette Telegraph
293,Dave Kennerly,male,1972,Feature-Photography,United Press Internationalcategory
294,David A. Vise,male,1990,Explanatory-Journalism,The Washington Post
295,David Barboza,male,2013,International-Reporting,The New York Times
296,David Barstow,male,2004,Public-Service,The New York Times
297,David C. Turnley,male,1990,Feature-Photography,Detroit Free Press
298,David Cay Johnston,male,2001,Beat-Reporting,The New York Times
299,David Dietz,male,1937,Reporting,Scripps-Howard
300,David Finkel,male,2006,Explanatory-Reporting,The Washington Post
301,David Halberstam,male,1964,International-Reporting,Associated Press
302,David Hanners,male,1989,Explanatory-Journalism,The Dallas Morning News
303,David Hasemyer,male,2013,National-Reporting,InsideClimate News
304,David Horsey,male,1999,Editorial-Cartooning,The Seattle Post-Intelligencer
305,David Kocieniewski,male,2012,Explanatory-Reporting,The New York Times
306,David Leeson,male,2004,Breaking-News-Photography,The Dallas Morning News
307,David Leonhardt,male,2011,Commentary,The New York Times
308,David Maraniss,male,1993,National-Reporting,The Washington Post
309,David Moats,male,2001,Editorial-Writing,Rutland (VT) Herald
310,David Peterson,male,1987,Feature-Photography,Des Moines Register
311,David Philipps,male,2014,National-Reporting,The Gazette
312,David Rohde,male,1996,International-Reporting,The Christian Science Monitor
313,David S. Broder,male,1973,Commentary,The Washington Post
314,David Shaw,male,1991,Criticism,Los Angeles Times
315,David Shribman,male,1995,Beat-Reporting,The Boston Globe
316,David Umhoefer,male,2008,Local-Reporting,Milwaukee Journal Sentinel
317,David Wessel,male,1984,Local-Investigative-Specialized-Reporting,The Boston Globe
318,David Willman,male,2001,Investigative-Reporting,Los Angeles Times
319,David Wood,male,2012,National-Reporting,The Huffington Post
320,David Zucchino,male,1989,Feature-Writing,The Philadelphia Inquirer
321,Dean Baquet,male,1988,Investigative-Reporting,Chicago Tribune
322,Dennis Bell,male,1985,International-Reporting,Newsday
323,Denny Walsh,male,1969,Local-Investigative-Specialized-Reporting,St. Louis Globe-Democrat
324,Dewey L. Fleming,male,1944,Telegraphic-Reporting-(National),The Baltimore Sun
325,Don Bartletti,male,2003,Feature-Photography,Los Angeles Times
326,Don Murray,male,1954,Editorial-Writing,Boston Herald
327,Don Ultang,male,1952,Photography,Des Moines Register
328,Don Whitehead,male,1953,National-Reporting,Associated Press
329,Don Wright,male,1966,Editorial-Cartooning,The Miami News
330,Donal Henahan,male,1986,Criticism,The New York Times
331,Donald L. Barlett,male,1975,National-Reporting,The Philadelphia Inquirer
332,Doug Bates,male,2006,Editorial-Writing,The Oregonian
333,Doug Marlette,male,1988,Editorial-Cartooning,The Atlanta Constitution
334,Earle L. Bunker,male,1944,Photography,The World-Herald
335,Eddy Gilmore,male,1947,Telegraphic-Reporting-(International),Associated Press
336,Edgar Ansel Mowrer,male,1933,Correspondence,Chicago Daily News
337,Edgar May,male,1961,Local-Reporting;-No-Edition-Time,Buffalo (NY) Evening News
338,Edmund Duffy,male,1931,Editorial-Cartooning,The Baltimore Sun
339,Edmund S. Valtman,male,1962,Editorial-Cartooning,The Hartford Times
340,Edmund Stevens,male,1950,International-Reporting,The Christian Science Monitor
341,Edward A. Harris,male,1946,Telegraphic-Reporting-(National),St. Louis Post-Dispatch
342,Edward D. Kuekes,male,1953,Editorial-Cartooning,Cleveland Plain Dealer
343,Edward Humes,male,1989,Specialized-Reporting,The Orange County Register
344,Edward J. Mowery,male,1953,Local-Reporting;-No-Edition-Time,New York World-Telegram
345,Edward M. Kingsbury,male,1926,Editorial-Writing,The New York Times
346,Edward R. Cony,male,1961,National-Reporting,The Wall Street Journal
347,Edward S. Montgomery,male,1951,Local-Reporting,San Francisco Examiner
348,Edward T. Adams,male,1969,Spot-News-Photography,Associated Press
349,Edward T. Folliard,male,1947,Telegraphic-Reporting-(National),The Washington Post
350,Edwin A. Roberts Jr.,male,1974,Commentary,National Observer
351,Edwin M. Yoder Jr.,male,1979,Editorial-Writing,The Washington Star
352,Edwin O. Guthman,male,1950,National-Reporting,The Seattle Times
353,Elliot G. Jaspin,male,1979,Local-Investigative-Specialized-Reporting,Pottsville (PA) Republican
354,Eric Freedman,male,1994,Beat-Reporting,The Detroit News
355,Eric Lichtblau,male,2006,National-Reporting,The New York Times
356,Eric Lipton,male,1992,Explanatory-Journalism,Hartford (CT) Courant
357,Eric Nalder,male,1990,National-Reporting,The Seattle Times
358,Eric Newhouse,male,2000,Explanatory-Reporting,Great Falls (Mont.) Tribune
359,Ernest Taylor Pyle,male,1944,Correspondence,Scripps-Howard Newspaper Alliance
360,Erwin H. Hagler,male,1980,Feature-Photography,Dallas Times Herald
361,Eugene Gray Payne,male,1968,Editorial-Cartooning,The Charlotte Observer
362,Eugene Patterson,male,1967,Editorial-Writing,The Atlanta Constitution
363,Eugene Robinson,male,2009,Commentary,The Washington Post
364,Felix Morley,male,1936,Editorial-Writing,Washington Post and Scripps-Howard Newspapers
365,Forrest W. Seymour,male,1943,Editorial-Writing,Register and Tribune
366,Foster Church,male,1977,Editorial-Writing,Reno (Nev.) Evening Gazette and Nevada State Journal
367,Francis A. Jamieson,male,1933,Reporting,Associated Press
368,Frank Conniff,male,1956,International-Reporting,International News Service
369,Frank Cushing,male,1948,Photography,Boston Traveler
370,Frank Filan,male,1944,Photography,Associated Press
371,Frank M. O'Brien,male,1922,Editorial-Writing,New York Herald
372,Frank Main,male,2011,Local-Reporting,Chicago Sun-Times
373,Frank Miller,male,1963,Editorial-Cartooning,Des Moines Register
374,Frank Noel,male,1943,Photography,Associated Press
375,Frank Peters Jr.,male,1972,Criticism,St. Louis Post-Dispatch
376,Frank Suraci,male,2015,Local-Reporting,Daily Breeze
377,Fred L. Packer,male,1952,Editorial-Cartooning,New York Mirror
378,Fred Sparks,male,1951,International-Reporting,Chicago Daily News
379,Frederick Meyer,male,1964,Local-Investigative-Specialized-Reporting,The Philadelphia Bulletin
380,Frederick T. Birchall,male,1934,Correspondence,The New York Times
381,Frederick Woltman,male,1947,Reporting,New York World-Telegram
382,Fredric N. Tulsky,male,1987,Investigative-Reporting,The Philadelphia Inquirer
383,Gareth Cook,male,2005,Explanatory-Reporting,The Boston Globe
384,Garry Trudeau,male,1975,Editorial-Cartooning,Universal Press Syndicate
385,Gary Cohn,male,1998,Investigative-Reporting,The Baltimore Sun
386,Gary Mc Millan,male,1984,Local-Investigative-Specialized-Reporting,The Boston Globe
387,Gary Porter,male,2011,Explanatory-Reporting,Milwaukee Journal Sentinel
388,Gaylord D. Shaw,male,1978,National-Reporting,Los Angeles Times
389,Gene Goltz,male,1965,Local-Investigative-Specialized-Reporting,Houston Post
390,Gene Miller,male,1967,Local-Investigative-Specialized-Reporting,The Miami Herald
391,Gene S. Graham,male,1962,National-Reporting,Nashville Tennessean
392,Gene Weingarten,male,2008,Feature-Writing,The Washington Post
393,Geoffrey Parsons,male,1942,Editorial-Writing,New York Herald Tribune
394,George B. Parker,male,1936,Editorial-Writing,Washington Post and Scripps-Howard Newspapers
395,George Beveridge,male,1958,Local-Reporting;-No-Edition-Time,The Evening Star
396,George Bliss,male,1962,Local-Reporting;-No-Edition-Time,Chicago Tribune
397,George De Carvalho,male,1952,Local-Reporting,San Francisco Chronicle
398,George Dohrmann,male,2000,Beat-Reporting,St. Paul Pioneer Press
399,George E. Goodwin,male,1948,Local-Reporting,The Atlanta Journal-Constitution
400,George F. Will,male,1977,Commentary,The Washington Post
401,George Lardner Jr.,male,1993,Feature-Writing,The Washington Post
402,George Rodrigue,male,1986,National-Reporting,The Dallas Morning News
403,George W. Potter,male,1945,Editorial-Writing,The Providence Journal-Bulletin
404,George Weller,male,1943,Reporting,Chicago Daily News
405,Gerald H. Gay,male,1975,Spot-News-Photography,The Seattle Times
406,Gerard M. O'Neill,male,1972,Local-Investigative-Specialized-Reporting,The Boston Globe
407,Gilbert M. Gaul,male,1979,Local-Investigative-Specialized-Reporting,Pottsville (PA) Republican
408,Glenn Frankel,male,1989,International-Reporting,The Washington Post
409,Glenn Howatt,male,2013,Local-Reporting,Star Tribune
410,Gobind Behari Lal,male,1937,Reporting,Universal Service
411,Greg Marinovich,male,1991,Spot-News-Photography,Associated Press
412,Grover Cleveland Hall,male,1928,Editorial-Writing,Montgomery (AL) Advertiser
413,Hal Hendrix,male,1963,International-Reporting,The Miami News
414,Harold A. Littledale,male,1918,Reporting,New York Evening Post
415,Harold C. Schonberg,male,1971,Criticism,The New York Times
416,Harold Eugene Martin,male,1970,Local-Investigative-Specialized-Reporting,Montgomery Advertiser and Alabama Journal
417,Harold Jackson,male,1991,Editorial-Writing,The Birmingham (AL) News
418,Harold V. (Hal) Boyl,male,1945,Correspondence,Associated Press
419,Harrison E. Salisbury,male,1955,International-Reporting,The New York Times
420,Harry A. Trask,male,1957,Photography,Boston Traveler
421,Harry S. Ashmore,male,1958,Editorial-Writing,Arkansas Gazette
422,Harvey E. Newbranch,male,1920,Editorial-Writing,Evening World Herald
423,Hector Rondon,male,1963,Photography,La Republica
424,Henry Allen,male,2000,Criticism,The Washington Post
425,Henry Beetle Hough,male,1918,Newspaper-History-Award,American Press
426,Henry J. Haskell,male,1944,Editorial-Writing,Kansas City (MO) Star
427,Henry Kamm,male,1978,International-Reporting,The New York Times
428,Herbert Bayard Swope,male,1917,Reporting,New York World
429,Herbert Elliston,male,1949,Editorial-Writing,The Washington Post
430,Herbert L. Block,male,1954,Editorial-Cartooning,The Washington Post
431,Herbert Lawrence Block,male,1942,Editorial-Cartooning,NEA service
432,Homer Bigart,male,1951,International-Reporting,New York Herald Tribune
433,Homer William Bigart,male,1946,Telegraphic-Reporting-(International),New York Herald Tribune
434,Horst Faas,male,1972,Spot-News-Photography,Associated Press
435,Howard James,male,1968,National-Reporting,The Christian Science Monitor
436,Howard Rosenberg,male,1985,Criticism,Los Angeles Times
437,Howard Van Smith,male,1959,National-Reporting,The Miami News
438,Howard W. Blakeslee,male,1937,Reporting,AP
439,Howell Raines,male,1992,Feature-Writing,The New York Times
440,Hugh F. Hough,male,1974,Local-General-or-Spot-News-Reporting,Chicago Sun-Times
441,Ian Johnson,male,2001,International-Reporting,The Wall Street Journal
442,Jack Anderson,male,1972,National-Reporting,a syndicated columnist
443,Jack Dykinga,male,1971,Feature-Photography,Chicago Sun-Times
444,Jack Fuller,male,1986,Editorial-Writing,Chicago Tribune
445,Jack Higgins,male,1989,Editorial-Cartooning,Chicago Sun-Times
446,Jack Nelson,male,1960,Local-Reporting;-Edition-Time,The Atlanta Constitution
447,Jack R. Thornell,male,1967,Photography,Associated Press
448,Jack Reed,male,1985,Investigative-Reporting,St. Petersburg (FL) Times
449,Jack Rosenthal,male,1982,Editorial-Writing,The New York Times
450,Jack S. McDowell,male,1945,Reporting,San Francisco Call-Bulletin
451,Jack White,male,1974,National-Reporting,Providence Journal and Evening Bulletin
452,Jacob Burck,male,1941,Editorial-Cartooning,Chicago Times
453,Jahangir Razmi,male,1980,Spot-News-Photography,Ettela'at
454,Jake Bernstein,male,2011,National-Reporting,ProPublica
455,Jake Hooker,male,2008,Investigative-Reporting,The New York Times
456,James B. Dickman,male,1983,Feature-Photography,Dallas Times Herald
457,James B. Steele,male,1975,National-Reporting,The Philadelphia Inquirer
458,James B. Stewart,male,1988,Explanatory-Journalism,The Wall Street Journal
459,James R. Polk,male,1974,National-Reporting,Washington Star-News
460,James B. Reston,male,1957,National-Reporting,The New York Times
461,James Risen,male,2006,National-Reporting,The New York Times
462,James Risser,male,1976,National-Reporting,Des Moines Register
463,James T. Berryman,male,1950,Editorial-Cartooning,The Evening Star
464,James V. Grimaldi,male,2006,Investigative-Reporting,The Washington Post
465,James V. Magee,male,1964,Local-Investigative-Specialized-Reporting,The Philadelphia Bulletin
466,James W. Mulroy,male,1925,Reporting,Chicago Daily News
467,Jason Szep,male,2014,International-Reporting,Reuters
468,Javier Manzano,male,2013,Feature-Photography,freelance photographer
469,Jay Norwood Darling,male,1924,Editorial-Cartooning,Des Moines Register
470,Jeff Brazil,male,1993,Investigative-Reporting,Orlando (FL) Sentinel
471,Jeff Gerth,male,1999,National-Reporting,The New York Times
472,Jeff Lyon,male,1987,Explanatory-Journalism,Chicago Tribune
473,Jeff MacNelly,male,1985,Editorial-Cartooning,Chicago Tribune
474,Jeff Nesmith,male,1998,National-Reporting,Dayton Daily News
475,Jeff Taylor,male,1992,National-Reporting,The Kansas City Star
476,Jeffrey A. Marx,male,1986,Investigative-Reporting,Lexington (KY) Herald-Leader
477,Jeffrey Gettleman,male,2012,International-Reporting,The New York Times
478,Jeffrey Good,male,1995,Editorial-Writing,St. Petersburg (FL) Times
479,Jeffrey K. MacNelly,male,1978,Editorial-Cartooning,Richmond (VA) News Leader
480,Jeremy Olson,male,2013,Local-Reporting,Star Tribune
481,Jesse Eisinger,male,2011,National-Reporting,ProPublica
482,Jim Borgman,male,1991,Editorial-Cartooning,The Cincinnati Enquirer
483,Jim Dwyer,male,1995,Commentary,Newsday
484,Jim G. Lucas,male,1954,International-Reporting,Scripps-Howard Newspaper Alliance
485,Jim Hoagland,male,1991,Commentary,The Washington Post
486,Jim Mitzelfeld,male,1994,Beat-Reporting,The Detroit News
487,Jim Morin,male,1996,Editorial-Cartooning,The Miami Herald
488,Jim Murray,male,1990,Commentary,Los Angeles Times
489,Jim Schaefer,male,2009,Local-Reporting,Detroit Free Press
490,Jim Sheeler,male,2006,Feature-Writing,Rocky Mountain News
491,Jim Yardley,male,2006,International-Reporting,The New York Times
492,Jimmie Lee Hoagland,male,1971,International-Reporting,The Washington Post
493,Jimmy Breslin,male,1986,Commentary,New York Daily News
494,Joe Mahr,male,2004,Investigative-Reporting,The Blade
495,Joe Morgenstern,male,2005,Criticism,The Wall Street Journal
496,Joe Rosenthal,male,1945,Photography,Associated Press
497,Joel Pett,male,2000,Editorial-Cartooning,Lexington (KY) Herald-Leader
498,Joey Kennedy,male,1991,Editorial-Writing,The Birmingham (AL) News
499,John Anthony Frasca,male,1966,Local-Investigative-Specialized-Reporting,Tampa (FL) Tribune
500,John Branch,male,2013,Feature-Writing,The New York Times
501,John C. Bersia,male,2000,Editorial-Writing,Orlando Sentinel
502,John Camp,male,1986,Feature-Writing,St. Paul Pioneer Press
503,John Daniell Maurice,male,1975,Editorial-Writing,Charleston (WV) Daily Mail
504,John Darnton,male,1982,International-Reporting,The New York Times
505,John F. Burns,male,1993,International-Reporting,The New York Times
506,John Fetterman,male,1969,Local-General-or-Spot-News-Reporting,Louisville Courier-Journal
507,John Fischetti,male,1969,Editorial-Cartooning,Chicago Daily News
508,John H. Blair,male,1978,Spot-News-Photography,United Press Internationalcategory
509,John H. Crider,male,1949,Editorial-Writing,The Boston Herald
510,John H. White,male,1982,Feature-Photography,Chicago Sun-Times
511,John Harold Brislin,male,1959,Local-Reporting;-No-Edition-Time,Scranton (PA) Tribune and Scrantonian
512,John J. Kim,male,2011,Local-Reporting,Chicago Sun-Times
513,John J. Leary,male,1920,Reporting,New York World
514,John J. O'Neill,male,1937,Reporting,New York Herald Tribune
515,John Kaplan,male,1992,Feature-Photography,Block Newspapers
516,John L. Gaunt,male,1955,Photography,Los Angeles Times
517,John M. Crewdson,male,1981,National-Reporting,The New York Times
518,John M. Hightower,male,1952,International-Reporting,Associated Press
519,John Machacek,male,1972,Local-General-or-Spot-News-Reporting,Rochester (NY) Times-Union
520,John Noble Wilford,male,1984,National-Reporting,The New York Times
521,John Paul Filo,male,1971,Spot-News-Photography,Valley Daily News and Daily Dispatch
522,John R. Harrison,male,1965,Editorial-Writing,The Gainesville (FL) Sun
523,John Robinson,male,1952,Photography,Des Moines Register
524,John S. Knight,male,1968,Editorial-Writing,Knight Newspapers
525,John Strohmeyer,male,1972,Editorial-Writing,Bethlehem (PA) Globe-Times
526,John T. McCutcheon,male,1932,Editorial-Cartooning,Chicago Tribune
527,John T. Rogers,male,1927,Reporting,St. Louis Post-Dispatch
528,John W. Owens,male,1937,Editorial-Writing,The Baltimore Sun
529,John Woestendiek,male,1987,Investigative-Reporting,The Philadelphia Inquirer
530,Jon Franklin,male,1985,Explanatory-Journalism,The Baltimore Evening Sun
531,Jonathan Freedman,male,1987,Editorial-Writing,The Tribune
532,Jonathan Gold,male,2007,Criticism,LA Weekly
533,Jonathan Kaufman,male,1984,Local-Investigative-Specialized-Reporting,The Boston Globe
534,Jonathan Yardley,male,1981,Criticism,The Washington Star
535,Joseph B. White,male,1993,Beat-Reporting,The Wall Street Journal
536,Joseph Kahn,male,2006,International-Reporting,The New York Times
537,Joseph Martin,male,1959,International-Reporting,New York Daily News
538,Joseph Rago,male,2011,Editorial-Writing,The Wall Street Journal
539,Joseph T. Hallinan,male,1991,Investigative-Reporting,The Indianapolis Star
540,Josh Friedman,male,1985,International-Reporting,Newsday
541,Josh Haner,male,2014,Feature-Photography,The New York Times
542,Jules Feiffer,male,1986,Editorial-Cartooning,The Village Voice
543,Justin Davidson,male,2002,Criticism,Newsday
544,Ken Armstrong,male,2012,Investigative-Reporting,The Seattle Times
545,Ken Geiger,male,1993,Spot-News-Photography,The Dallas Morning News
546,Kenneth Cooper,male,1984,Local-Investigative-Specialized-Reporting,The Boston Globe
547,Kenneth R. Weiss,male,2007,Explanatory-Reporting,Los Angeles Times
548,Kevin Carter,male,1994,Feature-Photography,freelance photographer
549,Kevin Helliker,male,2004,Explanatory-Reporting,The Wall Street Journal
550,Kevin Sack,male,2003,National-Reporting,Los Angeles Times
551,Kevin Siers,male,2014,Editorial-Cartooning,The Charlotte Observer
552,Kevin Sullivan,male,2003,International-Reporting,The Washington Post
553,Keyes Beech,male,1951,International-Reporting,Chicago Daily News
554,Khalil Hamra,male,2013,Breaking-News-Photography,Associated Press
555,Kirk Scharfenberg,male,1984,Local-Investigative-Specialized-Reporting,The Boston Globe
556,Kyoichi Sawada,male,1966,Photography,United Press Internationalcategory
557,Lane DeGregory,male,2009,Feature-Writing,St. Petersburg (FL) Times
558,Larry C. Price,male,1981,Spot-News-Photography,Fort Worth (TX) Star-Telegram
559,Lee Hills,male,1956,Local-Reporting;-Edition-Time,Detroit Free Press
560,Leland Stowe,male,1930,Correspondence,New York Herald Tribune
561,Leon Dash,male,1995,Explanatory-Journalism,The Washington Post
562,Leonard Pitts Jr.,male,2004,Commentary,The Miami Herald
563,Lewis M. Simons,male,1986,International-Reporting,San Jose (CA) Mercury News
564,Lloyd Schwartz,male,1994,Criticism,The Boston Phoenix
565,Loren Jenkins,male,1983,International-Reporting,The New York Times and The Washington Post
566,Lou Kilzer,male,1990,Investigative-Reporting,Star Tribune
567,Lou Saldivar,male,2011,Explanatory-Reporting,Milwaukee Journal Sentinel
568,Louis Isaac Jaffe,male,1929,Editorial-Writing,Norfolk Virginian-Pilot
569,Louis LaCoss,male,1952,Editorial-Writing,St. Louis Globe-Democrat
570,Louis M. Kohlmeier,male,1965,National-Reporting,The Wall Street Journal
571,Louis P. Lochner,male,1939,Correspondence,Associated Press
572,Louis Seibold,male,1921,Reporting,New York World
573,Louis Stark,male,1942,Telegraphic-Reporting-(National),The New York Times
574,Lowell Bergman,male,2004,Public-Service,The New York Times
575,Lucian Perkins,male,2000,Feature-Photography,The Washington Post
576,Lute Pease,male,1949,Editorial-Cartooning,Newark Evening News
577,Malcolm Johnson,male,1949,Local-Reporting,New York Sun
578,Malcolm W. Browne,male,1964,International-Reporting,Associated Press
579,Manny Crisostomo,male,1989,Feature-Photography,Detroit Free Press
580,Manu Brabo,male,2013,Breaking-News-Photography,Associated Press
581,Mark Feeney,male,2008,Criticism,The Boston Globe
582,Mark Fiore,male,2010,Editorial-Cartooning,"self syndicated, appearing on SFGate.com"
583,Mark Fritz,male,1995,International-Reporting,Associated Press
584,Mark Johnson,male,2011,Explanatory-Reporting,Milwaukee Journal Sentinel
585,Mark Konkol,male,2011,Local-Reporting,Chicago Sun-Times
586,Mark Mahoney,male,2009,Editorial-Writing,The Post-Star
587,Mark S. Watson,male,1945,Telegraphic-Reporting-(International),The Baltimore Sun
588,Mark Schoofs,male,2000,International-Reporting,The Village Voice
589,Marquis W. Childs,male,1970,Commentary,St. Louis Post-Dispatch
590,Martin Bernheimer,male,1982,Criticism,Los Angeles Times
591,Massoud Hossaini,male,2012,Breaking-News-Photography,Agence France-Presse
592,Matt Apuzzo,male,2012,Investigative-Reporting,Associated Press
593,Matt Davies,male,2004,Editorial-Cartooning,The Journal News
594,Matt Rainey,male,2001,Feature-Photography,The Star-Ledger
595,Matt Richtel,male,2010,National-Reporting,The New York Times
596,Matt Wuerker,male,2012,Editorial-Cartooning,POLITICO
597,Matthew Lewis,male,1975,Feature-Photography,The Washington Post
598,Max Desfor,male,1951,Photography,Associated Press
599,Max Frankel,male,1973,International-Reporting,The New York Times
600,Melvin H. Ruder,male,1965,Local-General-or-Spot-News-Reporting,Hungry Horse News
601,Michael A. Hiltzik,male,1999,Beat-Reporting,Los Angeles Times
602,Michael D. Sallah,male,2004,Investigative-Reporting,The Blade
603,Michael Dirda,male,1993,Criticism,The Washington Post
604,Michael Gartner,male,1997,Editorial-Writing,The Daily Tribune
605,Michael J. Berens,male,2012,Investigative-Reporting,The Seattle Times
606,Michael LaForgia,male,2014,Local-Reporting,Tampa Bay Times
607,Michael M. York,male,1986,Investigative-Reporting,Lexington (KY) Herald-Leader
608,Michael Moss,male,2010,Explanatory-Reporting,The New York Times
609,Michael Parks,male,1987,International-Reporting,Los Angeles Times
610,Michael Ramirez,male,2008,Editorial-Cartooning,Investor's Business Daily
611,Michael Skube,male,1989,Criticism,News and Observer
612,Michael Vitez,male,1997,Explanatory-Journalism,The Philadelphia Inquirer
613,Michael Williamson,male,2000,Feature-Photography,The Washington Post
614,Michel du Cille,male,1986,Spot-News-Photography,The Miami Herald
615,Michel Laurent,male,1972,Spot-News-Photography,Associated Press
616,Mike Keefe,male,2011,Editorial-Cartooning,The Denver Post
617,Mike Luckovich,male,1995,Editorial-Cartooning,The Atlanta Constitution
618,Mike McAlary,male,1998,Commentary,New York Daily News
619,Mike McGraw,male,1992,National-Reporting,The Kansas City Star
620,Mike Peters,male,1981,Editorial-Cartooning,Dayton Daily News
621,Mike Royko,male,1972,Commentary,Chicago Daily News
622,Mike Toner,male,1993,Explanatory-Journalism,The Atlanta Journal-Constitution
623,Milton Brooks,male,1942,Photography,The Detroit News
624,Mitch Weiss,male,2004,Investigative-Reporting,The Blade
625,Monroe Karmin,male,1967,National-Reporting,The Wall Street Journal
626,Muhammed Muheisen,male,2013,Breaking-News-Photography,Associated Press
627,Murray Kempton,male,1985,Commentary,Newsday
628,Narciso Contreras,male,2013,Breaking-News-Photography,Associated Press
629,Nat S. Finney,male,1948,National-Reporting,Minneapolis Tribune
630,Nathan G. Caldwell,male,1962,National-Reporting,Nashville Tennessean
631,Nathan K. (Nick) Kotz,male,1968,National-Reporting,Des Moines Register
632,Nathaniel Fein,male,1949,Photography,New York Herald Tribune
633,Neal Ulevich,male,1977,Spot-News-Photography,Associated Press
634,Nelson Harding,male,1927,Editorial-Cartooning,Brooklyn Daily Eagle
635,Nicholas D. Kristof,male,1990,International-Reporting,The New York Times
636,Nick Anderson,male,2005,Editorial-Cartooning,Louisville Courier-Journal
637,Nigel Jaquiss,male,2005,Investigative-Reporting,Willamette Week
638,Nils Bruzelius,male,1980,Local-Investigative-Specialized-Reporting,The Boston Globe
639,Norman C. Miller,male,1964,Local-General-or-Spot-News-Reporting,The Wall Street Journal
640,Norman F. Cardoza,male,1977,Editorial-Writing,Reno (Nev.) Evening Gazette and Nevada State Journal
641,Norman Lockman,male,1984,Local-Investigative-Specialized-Reporting,The Boston Globe
642,Oded Balilty,male,2007,Breaking-News-Photography,Associated Press
643,Oscar Griffin Jr.,male,1963,Local-Reporting;-No-Edition-Time,Pecos (TX) Independent and Enterprise
644,Otto D. Tolischus,male,1940,Correspondence,The New York Times
645,Patrick B. Oliphant,male,1967,Editorial-Cartooning,The Denver Post
646,Patrick Farrell,male,2009,Breaking-News-Photography,The Miami Herald
647,Patrick J. Sloyan,male,1992,International-Reporting,Newsday
648,Paul A. Gigot,male,2000,Commentary,The Wall Street Journal
649,Paul Conrad,male,1971,Editorial-Cartooning,Los Angeles Times
650,Paul Gapp,male,1979,Criticism,Chicago Tribune
651,Paul Giblin,male,2009,Local-Reporting,East Valley Tribune
652,Paul Goldberger,male,1984,Criticism,The New York Times
653,Paul Greenberg,male,1969,Editorial-Writing,Pine Bluff (AR) Commercial
654,Paul Henderson,male,1982,Local-Investigative-Specialized-Reporting,The Seattle Times
655,Paul Ingrassia,male,1993,Beat-Reporting,The Wall Street Journal
656,Paul Salopek,male,2001,International-Reporting,Chicago Tribune
657,Paul Schoenstein and Associates,male,1944,Reporting,New York Journal-American
658,Paul Scott Mowrer,male,1929,Correspondence,Chicago Daily News
659,Paul Szep,male,1974,Editorial-Cartooning,The Boston Globe
660,Paul Vathis,male,1962,Photography,Associated Press
661,Paul W. Ward,male,1948,International-Reporting,The Baltimore Sun
662,Paul Watson,male,1994,Spot-News-Photography,The Toronto Star
663,Paul Y. Anderson,male,1929,Reporting,St. Louis Post-Dispatch
664,Pete Carey,male,1986,International-Reporting,San Jose (CA) Mercury News
665,Peter Arnett,male,1966,International-Reporting,Associated Press
666,Peter Gorner,male,1987,Explanatory-Journalism,Chicago Tribune
667,Peter Mark Rinearson,male,1984,Feature-Writing,The Seattle Times
668,Peter R. Kann,male,1972,International-Reporting,The Wall Street Journal
669,Philip Kennicott,male,2013,Criticism,The Washington Post
670,Philip L. Geyelin,male,1970,Editorial-Writing,The Washington Post
671,Philip P. Kerby,male,1976,Editorial-Writing,Los Angeles Times
672,Philip Santora,male,1959,International-Reporting,New York Daily News
673,Preston Gannaway,male,2008,Feature-Photography,Concord (NH) Monitor
674,Price Day,male,1949,International-Reporting,The Baltimore Sun
675,Ralph McGill,male,1959,Editorial-Writing,The Atlanta Constitution
676,Randall Savage,male,1985,Specialized-Reporting,Macon (GA) Telegraph and News
677,Raymond Sprigle,male,1938,Reporting,Pittsburgh Post-Gazette
678,Reg (Reginald W.) Manning,male,1951,Editorial-Cartooning,The Arizona Republic
679,Reuben L. Goldberg,male,1948,Editorial-Cartooning,New York Sun
680,Reuben Maury,male,1941,Editorial-Writing,New York Daily News
681,Richard Aregood,male,1985,Editorial-Writing,The Philadelphia Daily News
682,Richard Ben Cramer,male,1979,International-Reporting,The Philadelphia Inquirer
683,Richard Cooper,male,1972,Local-General-or-Spot-News-Reporting,Rochester (NY) Times-Union
684,Richard Eder,male,1987,Criticism,Los Angeles Times
685,Richard Locher,male,1983,Editorial-Cartooning,Chicago Tribune
686,Richard Read,male,1999,Explanatory-Reporting,The Oregonian
687,Richard Whitt,male,1978,Local-General-or-Spot-News-Reporting,Louisville Courier-Journal
688,Richard Wilson,male,1954,National-Reporting,Des Moines Register
689,Rick Atkinson,male,1982,National-Reporting,The Kansas City Times
690,Rick Attig,male,2006,Editorial-Writing,The Oregonian
691,Rick Bragg,male,1996,Feature-Writing,The New York Times
692,Rick Loomis,male,2007,Explanatory-Reporting,Los Angeles Times
693,Ricky Carioti,male,2011,Breaking-News-Photography,The Washington Post
694,Rob Kuznia,male,2015,Local-Reporting,Daily Breeze
695,Robert B. Lowe,male,1981,Local-Investigative-Specialized-Reporting,The Arizona Daily Star
696,Robert B. Semple,male,1996,Editorial-Writing,The New York Times
697,Robert Boyd,male,1973,National-Reporting,Knight Newspapers
698,Robert Cahn,male,1969,National-Reporting,The Christian Science Monitor
699,Robert Campbell,male,1996,Criticism,The Boston Globe
700,Robert D. McFadden,male,1996,Spot-News-Reporting,The New York Times
701,Robert D. Mulllins,male,1962,Local-Reporting;-Edition-Time,Deseret News
702,Robert H. Jackson,male,1964,Photography,Dallas Times Herald
703,Robert L. Bartley,male,1980,Editorial-Writing,The Wall Street Journal
704,Robert Lasch,male,1966,Editorial-Writing,St. Louis Post-Dispatch
705,Robert M. Porterfield,male,1980,Local-Investigative-Specialized-Reporting,The Boston Globe
706,Robert S. Capers,male,1992,Explanatory-Journalism,Hartford (CT) Courant
707,Robert V. Cox,male,1967,Local-General-or-Spot-News-Reporting,Chambersburg (Pennsylvania) Public Opinion
708,Robert York,male,1956,Editorial-Cartooning,Louisville (KY) Times
709,Robin Givhan,male,2006,Criticism,The Washington Post
710,Robin Hood,male,1977,Feature-Photography,Chattanooga News-Free Press
711,Rocco Morabito,male,1968,Spot-News-Photography,Jacksonville Journal
712,Rodrigo Abd,male,2013,Breaking-News-Photography,Associated Press
713,Roger B. Linscott,male,1973,Editorial-Writing,Berkshire Eagle
714,Roger Ebert,male,1975,Criticism,Chicago Sun-Times
715,Roland Kenneth Towery,male,1955,Local-Reporting;-No-Edition-Time,Cuero (TX) Record
716,Rollin Kirby,male,1922,Editorial-Cartooning,New York World
717,Ron Casey,male,1991,Editorial-Writing,The Birmingham (AL) News
718,Ron Cortes,male,1997,Explanatory-Journalism,The Philadelphia Inquirer
719,Ron Edmonds,male,1982,Spot-News-Photography,Associated Press
720,Ron Olshwanger,male,1989,Spot-News-Photography,freelance photographer
721,Ron Suskind,male,1995,Feature-Writing,The Wall Street Journal
722,Ronald G. Callvert,male,1939,Editorial-Writing,The Oregonian
723,Ronald Kotulak,male,1994,Explanatory-Journalism,Chicago Tribune
724,Ronald Powers,male,1973,Criticism,Chicago Sun-Times
725,Ross A. Lewis,male,1935,Editorial-Cartooning,The Milwaukee Journal
726,Ross Anderson,male,1990,National-Reporting,The Seattle Times
727,Roy Gutman,male,1993,International-Reporting,Newsday
728,Royce Brier,male,1934,Reporting,San Francisco Chronicle
729,Royce Howes,male,1955,Editorial-Writing,Detroit Free Press
730,Russell Baker,male,1979,Commentary,The New York Times
731,Russell Carollo,male,1998,National-Reporting,Dayton Daily News
732,Russell D. Owen,male,1930,Reporting,The New York Times
733,Russell Jones,male,1957,International-Reporting,United Press
734,Ryan Gabrielson,male,2009,Local-Reporting,East Valley Tribune
735,Sang-Hun Choe,male,2000,Investigative-Reporting,Associated Press
736,Saul Pett,male,1982,Feature-Writing,Associated Press
737,Scott Higham,male,2002,Investigative-Reporting,The Washington Post
738,Scott Shaw,male,1988,Spot-News-Photography,Odessa (TX) American
739,Sebastian Smee,male,2011,Criticism,The Boston Globe
740,Serge Schmemann,male,1991,International-Reporting,The New York Times
741,Seymour M. Hersh,male,1970,International-Reporting,Dispatch News Service
742,Slava Veder,male,1974,Feature-Photography,Associated Press
743,Stan Grossfeld,male,1984,Spot-News-Photography,The Boston Globe
744,Stanley Forman,male,1976,Spot-News-Photography,Boston Herald American
745,Stanley Penn,male,1967,National-Reporting,The Wall Street Journal
746,Stanton Delaplane,male,1942,Reporting,San Francisco Chronicle
747,Stephen A. Kurkjian,male,1972,Local-Investigative-Specialized-Reporting,The Boston Globe
748,Stephen Henderson,male,2014,Commentary,Detroit Free Press
749,Stephen Hunter,male,2003,Criticism,The Washington Post
750,Stephen P. Breen,male,1998,Editorial-Cartooning,Asbury Park Press
751,Stephen R. Benson,male,1993,Editorial-Cartooning,The Arizona Republic
752,Steve Berry,male,1993,Investigative-Reporting,Orlando (FL) Sentinel
753,Steve Breen,male,2009,Editorial-Cartooning,The San Diego Union-Tribune
754,Steve Coll,male,1990,Explanatory-Journalism,The Washington Post
755,Steve Fainaru,male,2008,International-Reporting,The Washington Post
756,Steve Sack,male,2013,Editorial-Cartooning,Star Tribune
757,Steve Starr,male,1970,Spot-News-Photography,Associated Press
758,Steve Twomey,male,1987,Feature-Writing,The Philadelphia Inquirer
759,Steven Pearlstein,male,2008,Commentary,The Washington Post
760,Sydney H. Schanberg,male,1976,International-Reporting,The New York Times
761,Taro M. Yamasaki,male,1981,Feature-Photography,Detroit Free Press
762,the late Frank I. Cobb,male,1924,Editorial-Writing,New York World
763,Thomas F. Darcy,male,1970,Editorial-Cartooning,Newsday
764,Thomas Fitzpatrick,male,1970,Local-General-or-Spot-News-Reporting,Chicago Sun-Times
765,Thomas French,male,1998,Feature-Writing,St. Petersburg (FL) Times
766,Thomas J. Hylton,male,1990,Editorial-Writing,The Pottstown (PA) Mercury
767,Thomas J. Kelly III,male,1979,Spot-News-Photography,The Pottstown (PA) Mercury
768,Thomas J. Knudson,male,1985,National-Reporting,Des Moines Register
769,Thomas Friedman,male,1988,International-Reporting,The New York Times
770,Thomas Lunsford Stokes,male,1939,Reporting,Scripps-Howard Newspaper Alliance
771,Thomas M. Burton,male,2004,Explanatory-Reporting,The Wall Street Journal
772,Thomas M. Storke,male,1962,Editorial-Writing,Santa Barbara (CA) News-Press
773,Thomas Powers,male,1971,National-Reporting,United Press Internationalcategory
774,Thomas Turcol,male,1985,General-News-Reporting,Virginian-Pilot and Ledger-Star
775,Tim Nickens,male,2013,Editorial-Writing,Tampa Bay Times
776,Tim Page,male,1997,Criticism,The Washington Post
777,Tim Weiner,male,1988,National-Reporting,The Philadelphia Inquirer
778,Timothy Leland,male,1972,Local-Investigative-Specialized-Reporting,The Boston Globe
779,Tod Robberson,male,2010,Editorial-Writing,The Dallas Morning News
780,Todd Heisler,male,2006,Feature-Photography,Rocky Mountain News
781,Tom Gralish,male,1986,Feature-Photography,The Philadelphia Inquirer
782,Tom Hallman Jr.,male,2001,Feature-Writing,The Oregonian
783,Tom Little,male,1957,Editorial-Cartooning,Nashville Tennessean
784,Tom Philp,male,2005,Editorial-Writing,The Sacramento Bee
785,Tom Shales,male,1988,Criticism,The Washington Post
786,Tom Toles,male,1990,Editorial-Cartooning,The Buffalo News
787,Tony Auth,male,1976,Editorial-Cartooning,The Philadelphia Inquirer
788,Tony Horwitz,male,1995,National-Reporting,The Wall Street Journal
789,Toshio Sakai,male,1968,Feature-Photography,United Press Internationalcategory
790,Tyler Hicks,male,2014,Breaking-News-Photography,The New York Times
791,Vance Trimble,male,1960,National-Reporting,Scripps-Howard Newspaper Alliance
792,Vaughn Shoemaker,male,1938,Editorial-Cartooning,Chicago Daily News
793,Wallace Turner,male,1957,Local-Reporting;-No-Edition-Time,Portland Oregonian
794,Walt Bogdanich,male,2005,National-Reporting,The New York Times
795,Walt Handelsman,male,2007,Editorial-Cartooning,Newsday
796,Walter Duranty,male,1932,Correspondence,The New York Times
797,Walter Kerr,male,1978,Criticism,The New York Times
798,Walter Lippmann,male,1962,International-Reporting,New York Herald Tribune
799,Walter M. Schau,male,1954,Photography,The Akron (OH) Beacon Journal
800,Walter Mears,male,1977,National-Reporting,Associated Press
801,Walter Wellesley (Red) Smith,male,1976,Commentary,The New York Times
802,Warren L. Lerude,male,1977,Editorial-Writing,Reno (Nev.) Evening Gazette and Nevada State Journal
803,Wendell Rawls Jr.,male,1977,Local-Investigative-Specialized-Reporting,The Philadelphia Inquirer
804,Wesley Morris,male,2012,Criticism,The Boston Globe
805,Wilfred C. Barber,male,1936,Correspondence,Chicago Tribune
806,Will Englund,male,1998,Investigative-Reporting,The Baltimore Sun
807,Will Hobson,male,2014,Local-Reporting,Tampa Bay Times
808,William A. Caldwell,male,1971,Commentary,The Record
809,William A. Henry III,male,1980,Criticism,The Boston Globe
810,William Allen White,male,1923,Editorial-Writing,Emporia (KS) Gazette
811,William Burke Miller,male,1926,Reporting,Louisville Courier-Journal
812,William C. Beall,male,1958,Photography,Washington (DC) Daily News
813,William Gaines,male,1988,Investigative-Reporting,Chicago Tribune
814,William H. (Bill) Mauldin,male,1959,Editorial-Cartooning,St. Louis Post-Dispatch
815,William H. Grimes,male,1947,Editorial-Writing,The Wall Street Journal
816,William H. Taylor,male,1935,Reporting,New York Herald Tribune
817,William Harry Fitzpatrick,male,1951,Editorial-Writing,New Orleans States
818,William J. Dorvillier,male,1961,Editorial-Writing,San Juan (Puerto Rico) Star
819,William J. Eaton,male,1970,National-Reporting,Chicago Daily News
820,William Jones,male,1971,Local-Investigative-Specialized-Reporting,Chicago Tribune
821,William K. Marimow,male,1985,Investigative-Reporting,The Philadelphia Inquirer
822,William L. Laurence,male,1937,Reporting,The New York Times
823,William Lamber,male,1957,Local-Reporting;-No-Edition-Time,Portland Oregonian
824,William Leonard Laurence,male,1946,Reporting,The New York Times
825,William Longgood,male,1963,Local-Reporting;-Edition-Time,New York World-Telegram
826,William M. Gallagher,male,1953,Photography,Flint (MI) Journal
827,William McKenzie,male,2010,Editorial-Writing,The Dallas Morning News
828,William McPherson,male,1977,Criticism,The Washington Post
829,William Mullen,male,1975,International-Reporting,Chicago Tribune
830,William R. Stall,male,2004,Editorial-Writing,Los Angeles Times
831,William Randolph Hearst Jr.,male,1956,International-Reporting,International News Service
832,William Raspberry,male,1994,Commentary,The Washington Post
833,William Safire,male,1978,Commentary,The New York Times
834,William Seaman,male,1959,Photography,Minneapolis Star
835,William Sherman,male,1974,Local-Investigative-Specialized-Reporting,New York Daily News
836,William Snyder,male,1993,Spot-News-Photography,The Dallas Morning News
837,William Tuohy,male,1969,International-Reporting,Los Angeles Times
838,William Wesley Waymack,male,1938,Editorial-Writing,Register and Tribune
839,Yasushi Nagao,male,1961,Photography,Mainichi
840,Zachary R. Mider,male,2015,Explanatory-Reporting,Bloomberg News
